O=d~}{u2|z/ǑQ+ {*bxq><Yk-A}Gi*BDztZ=^_2Fv?)2a`Ys0#uQz(m58ɷj3,ײ#C
̅8$*.k3^N^d\z,\&
p\ۗK`6b#79řLŸOiշ0C>gKKV?8PaAc3Y&Q_Wڨgc({GVɨot䣁^ǌk*xD.jccbOxril	eѝd3(㉒47|xx\E12-Z;bܿHkml"k+}qhcFhk4+/FpF<a8#*3vGB4U Ѹ7NF1$#H=ͷ1
9:)vDJѿX&(CMc"^ўm71f=)it>˒q;ɪb6f1zOf^3^7~~:d?Ydt
 XV9l
O(cLdlA1VUcЍ@&Lc{u,D,8rF^!Fr+6jFr{5#0̸:1F*}p##%9i(,TVnc»g
aaqloA\5S1[jokKe-xh	UiHb#*XXƓ5jxxTEFYiFbL7n~Q|`kfsbctls04sW^|hTz1Cx5hSqoك|bWB,]|X`q*qѥz)/k}C7ˌrc@uVpe0
BX(*S,)$6l|e<O45kcPu&1:cq-47~s-LFXwʅq6{j&{w-&l5N6f<lSX
8ｂƫûH'C
?MccJSW/Bq;:d/|<k9F_6*lU&MDa!H6aWk.>"p;~16o
qh-AU mɄ1<6QN8O㘱'8yn
Nw|81y8mm#X'猷Kc;)ܧ
a\0Ɵ\4.._2~g=b!Wőoqy1:-c:?\-#?#6ׯ,]c*{{O}v`5>?=64nL59aozuv%5gdyl`-19&Nf3IuK9<KFDq~}Wy
6cs|8-%c9W<km̱<+,t<aưśD瘌f,;{Fmi"4.7kSm1ɬǛ>mee<"٬lgS̓T]OJߊDٓ>ovuL<Ÿt7QooS0G{={0gы3$Ǽ]os	f!`BY<rDdiR7{)TF"h2d6l~ALeg:D'95کT3"\
ͼzGy/FM4r9c+|<Cx\R&c݁Hjck^8eV|V1g%b;~x|?1OEy)poF3{%s00\^fG-UxlGMX`{T	2w͆\_hfc=	67jz4Pd6"f&bٓ]rfL:T̝ڳKy?k&R}hf.|dO曯P-0{WEcSa>1}͟N?5F3.6Dbs:ļSsrZ|aՕfx2-Ci~{ߜ[5ϱ.m	'Ygf=ږffI23WpMfg{em,[/y6i
/p\vX;eO<`nflGݸl]I>~2},5uϕQ(1[zPjP픙?f4x̻bCViaQikP1@?Luj̅>22G!l6a՚3<	gf/;`<9"~ͬe7waT(Gn8j^f}9fqswNٗ4)5)g̛x35֝߉I	pt<Y<.U&O[\4f㒹{֡l\1nlWUvU7#f}2?洪t4g)m=ws-¹gY)tǻgkpM0Cad| z^=kwxQ&p}XǪ:wT>"T>M|DZ<#ԚSYi.DY6[+՛_4x:IXz(,2-=|Vl֗5&q.>޺޺jZNl$X~v%OZ#is:$lu>Xgk\̙t'U3)|>.ִ`&fjET<oej-!ҬnVC֞"iMaD2Ee5fxzz,c<z	x:LR˲ךL'Վ;N ZV%;AVRh-V^6\V3֑`*Di=5 [=cT1Jn}a.i%R[DEP<(}B]7U8Jf8TW*Zj#dFpB1z$4zu+cfGJI? ߺҟ30Ƽo޲:޶be/TX*&XLLqI֥!k9(QoO0߳"L'kM_~\""(YrџβjL+-,8?R]9Tsxw0jR,o=ބZ[ĚFM,VK3ޥYšXl=R1K̎skLxYkc5
JM>`J]Fd=jkX~b|em&Z{^XeiXgiR|k`LF=w5֥|ozbm֭m<[)V;գjH.=jaX&y5?{"O~PXaVfF[nu/
?>駯
PiLM[ej2"Xj h4d%CkQkUg5~rB2X_pjF>dak:zĺ
դօcւl6NX_W.IkNYʊp[3&ZU9k!**?:.{T\fUOYVdS_^J'6reY/Tgok8u+Xwu7ACpHXYjG6ј;Vs֦cpz-G5xSDl!Vg#uG&ۿv7L<koC#"iػ5REMOSUw3{wln5}R}IZ+hiOZmcjrϗ"{Fݱԅ'%odelovb$؍D5<ieh/;ll_I=jx\"2vGV;;.<}']H;y40Vnv0	m%ו\=˾\dأQervTFE_\SȐ~t>`/.@Zw9n!v%pql?h7d(sbWPlE˩Buabd3XvOl{kර2Cl1WJ*vV먷uo9ȵgPf*u{HGڋؕRs͑xg`:g}V˲ݩz!mDc,1qP&Ӓ=xm'ά;x=Z21]w큕I(k*c2)xLnc]@fxQet{}}ǣؾ5fAo4ϵ?&C1?gc}df`r;Zc{=}~>S_ϸR";H,%D,&^23im"Vg*(a}47Wda%_U>Z|m?DuyVoz{'̣v~33Nl/᭿3Rm6;wsM.v*v҆ז]{xh靖OUv{#YKvJ2r{dx4<|΅n^
wH~\WicPew]jw-v30WJl췽7Z{$>*{X齵88h¯I2oY[CEmQc''KONxi){34?5pƖ/qLg?}Q@_O{G".ڙdK<O*|[TO:v?~n˳?#m{8{;xܵEc̯i,o"sA\8ɇzT;ds6=\Q5)hJxH4tC#>+o34ve9h<Gt'jlY͜U*csN;O$#̣ν@Z:k٧8ъcZ;*6NQi&:?n9-vm<D-dЁc$29FIDg?O9_~u$1xi($;'ӈUYUv)Nϊ"tq:{9g|^睜`ك4>tsNݝ8=dڞ*2Lӆ_p9ld^tda^ubL_r2+RiF-߹W΂Ld93r~49v'e|9YBpvyB!9ݩd>@=PY4Z0:Ra8M}"raspxs|<8X^>1,Dc9xչ\%qf;F8}&rDhg+{1ܓy{ᬤtTTc8gg;M3YD1XLtu\?\%v[8);΅HL#q}<9ј1Rs<q$`%Y-C|tN-GdN$,p󔏝.u3)X+`:>cLcb5`qF~l2'$˝ⱂcp~cY"ryұʾƙ|QUv28sBix7
̗̎Mڪtl%	Z-دmg$libsܥ<A9q<?EI٩|,Q(uPt,88^goI*~wpe%*@5N3YO0!g{۰ӱ3/ƞ;iTtZR'7mVC^d#Q]c!ǹ2':t)^(	/3dTu]ߝ?d/:=Sw+|/qrk%p78w78"?g|33"}ڙ|G@A<f"2Cd_,vU۫S񈻜b>84pU5\=J#wfDt4vGMwE#Q4嘉f=Ih.d%zܽ%h.pwc?ݕ:!c&Z{hĺ1mܽkg;IAuʩW=hC?	Usѽ̓5iHt7KGh$OpgXia2:s9x]^[w{.i^ϹvQx޽?Tsiэ3S}&ۨ{^sx=^{ݺ?}>v}x1܅yrfa :v2-Trk!#ѽDrvA
*׸S=&.Ջ^KN9n64nw}!=x=P>f0wbUFE.܏U,pwc_!F/`ca`{9Uqkz<DZ2eiZe5-t3{(KYMS"JQJvt#J.J)R~g|^=?~SXO.5fDdLqUb+4^OóxKh]yp>^0upmEWy3]Kn*WϦ|v=yTnd61(TPi)6U<jW`%^%z1UWq\j,洘xu5dN[+]8~,eUW]v,cxkw%kc&V^lZ\ؑQХCWG3{Z^OCeՅ*c;1Xzy:>q]$Zkc+L{6`?w"Zp}}6:Hw5T`3M?lc/kf
]?Qjo\BOfKT*\=Zﮃ۵FW="gHY]#U%4mqe	f$#Z͉sոw3o;\wc'.݇=|uY}v|~.]~e\u;Ϯ5]X#\/QTN_]]v$7\C9=8nrK:NPv)L"uy	LspGwsB4qugO]r_ֿsJXH|=/TkQm[͜frS(}MɸA)^/B5gGA$Գ+;[U!}
s(h.B7aNKnIByL,K$2;|CRxE¹Fq2
\7v᧖	wq0No:O@O>w	5Hy䉪KWHM%ZS [8DOڛO@(9_*x,2*	d@S/B~B7x!
z<"f.>1H~QO-Μ2U0]V1ag
ZrP"nÄJ<}csp4Bĸ@(Osy#5oXx#\v)&<'G);
O	
ܫ!= 
O2rI%!yPռ
7@:Е2|aHp,a[-fs!LSLLbL~i{iNn✚"bЗ4HĳgJ	Q˅tFsMr:G
S!)%,+6[j_AW)z
	j}^AЙ*UnЃ@p{2𚰅y0H+lvB@jc\=#o;{[8C_DҒ6S
'eMxc:{
\\!a7UJ!-1#uX-e߭mX+؜ԙ	vB&y~0$ROy3TlL|*AL(i(!}άfa;_oct=_
K"LUhWBf<-d~8nBY/x44ypUhRޛx*x
LMg',dhQOC.B4]eECb\S4bʰ[]{j}BBl8 <2c'H,~DWOB;?~>b?I8*Wv%&<pL݉Bw8!l;Il)Ż,?%& q,rg񗰆ؾ 4YD-lG8C<_+p*]5g
_g?_6Yb=	5b2յ_͉h#:NB.^S;NsrQ{~*CGq$,e#WE<\ QIMD/Io1c7٧}s)E"U,b&FBH!v'v	Hw3qS;3h =D*ıLd8۴$1×L'W/X>w%N`/'Ig<K HoъG~9ut}\2?c+@0Ƀ-'7!WƆiϵbS:#ޕ(+9t?b/Σ$ZGHKN,wXLkxL<E=TNC	Ox}%g#D?5H	%~˺xO:k&ƊĥT	dLCx>)۰^׎X	$ 	Pq<#j}"\3ar@G`=2,$ yL|%Ob5xF5`7UtMLCxVcşFXΉ(rL'&a1yEq%S!ge~q?,mf#80N/:92sYTT6_D6`Z|U-|q@G8p8H'._椆Ǜ1boY4,|,w5<ŻH>9t1X.O
ޟD;^!
U*0ZbWjy5eǕV-GX㕱N9O5X/n60{TyMJldsf_ޖLlOb3,ŗ~['붊;_mb].fwi߈y{	|'^"6эp3Q\,C83#f󊟑|f&St_hIh&Ż9CDx	`2"'Q8ߵ~3x	)I.Yp2qYT7tY<7)ŞD"ZEl&q'ފ3OIј_cp_Yb&㘸38nwq:!"N;p5iF?<+qVѦX|^Ԙ//ZEryb8μ/2_ĪVOnOU$&2'51bZi@KG뤞륡\:I7HIh/K  n;Jvd[/"i*=)&gF鱖$$II,,	JtKq!s"'Kq4hO5^v	JI]9k2x.{g&r䢦ʐ>lN=ǞTdJzIWX{4dIb9Or1KoFH	z><f,GZ;{@Z2R[t&mIvpB\K=Gap8
!?J8ִT?x08xTDǛ_6H(F1 CDHm9+1D<dcԅ0Bqܞ2>i-|BBa&2I/c'dRrOK(IVb K`W =&͎Х{cDSLnI}NMȑ>b s2I&KS=A0	01Y]<E
a/J1B|Lbӥh*fHBTHS|NRb]c6B,MRZ	;GJb>JCX*>HrlIxjo9^͗X5/ۅEO)1x^boJɷ~,{6IՆ2,^;xƻ|w;11x_.[.#^!,\a%Q:JcJOj9YCa-wۃZb>^c"-똍<|¼mziKטO{>5(|.i,Ml*|.*w[*}HWܟ/8Ya;lԱobKML|'!R@1b4J&ٓQ4%t]d3i'iJ+_BE&KIɈ0
D0gbLRb	K_RnNiUpvIuݬp*{)\H-I9#jp@n #*w~DFLD.Azq_䜣D_%4ozzp\ނߙ`8I8%|bS)β^';hK^d\b]fk;u׿b\
pgH\2\%?Nz|]ȯ6p\kM2GP]'<-h++1?cpA{_rw:hЉYN"A!0]2tW(s7ܸQ^Д$]q|+,kAw>*"nӸM5TTG@y>'p1GC.S>̝rg#CB-Oq<})O
E/st#K9ɣ%ӕd	<+G._ȑ{r?j^ʕGy.B<hyH^G9Ґ/E%3@"Ŧ@<<O-C7jb<PE̌ypc嗣xLG=TvP".0f|r[NtOFMs0Zd	9ٍ1\[0VYqr؝r/:	nOrRJ)V.P 9^Q~;伆R],(\*AԘ:r}!aﰏ,f).p"Od[}P&<-#??#
b\)Kt+`.剶99W.?O\+yF;]?rd(OmB܁ɵ#^UYO-1[w\JW)-9^+?S=OA\W[0_Pr5%Ωy,R|ft'jx[̃x-E^\k|L.eX&7\^`l4cLS> be2އ`bk
Gk>⹪|Cϳl'r7l6YXc=H$sO'u䔨wa*{"sNm%v_~ɝgGs)3ӨƷY;y;k]$ny*}SܗIւz^"W>yPlv}W<Pc8BD~:CT &Of#.!|xpjS[!Z&'Vb?+҂򧍩8(70~TX$w	|+a9>gɨqT.WGK%~Zcr}<wu	S2qJKiЃ?8Cȿ'w`$ZpNp^K\\IZ/f{_[0+x޹ɉmJY߆	QBk砍s:e g|]0OGS*8UoPNWPuP:*mX:)YB~HPruQDUJLTTnTs$)_zSp_fC<TJ`nQvxtm2qk+ͼ2;=Q*iwJ[%Tzy4+GXS]ܿ|z5Vxqr^	*b KI	l}'󳋑׳Лk=(S|I,a(Z.<ȵ#)ĊW_y7|[J5#|XijJFnkRG'άB10kU)R&c"!PS1S쵡ʅPG(")ҩ=&bH2}(%!5G*۩*70NyvRJMPn'I-U9O)OĒRv (EJL.a*56U{4b#e(2<rVR([[S$eW_iV=h񌲜șgSDLU4iJ)g@"SQc+<Yx^^PD
1]YE1CM%2.
V$3O"^Rnf9^f&PÓQ0WYLV)<+J3=<.D~:^U$|O\LdT)fc(ѸHLGG2'Q:p\-yX\`EVs%t,Uh	Xtn/iRIXVjb?T:bsZD8)ZesU`?b6J&:els>Q:qBgANQϔ~DQ>WD|}Iћʇ/LlQ4`r+mJuZ#+3:e53[ kZ:Oj$7?Fq8v̏Gy*_q+ͩ(f%FIDHRV1W*yLYKƕެe(3SMLn={f{$cޫOƧWr3rPk2~䩋pHY➅xNa:B&I/Q%|)?cن4gS;B	.2ISʉ,Vj3Yk)+7R^%]P2pQYKJGOI	2ϒ+JsKc~qZҐUP?u\
ת_ۨ/4e:ut|:ڪ.֮z;}Q^͏:Q/߈M)HPrEmKU%z3=jWޓ7onV[EGwF-du[{YԵ$vniVvKIS:;U=xЛjb4w.z{nwGNT#'R7WIBW8\u+pF8}osO_f U%TxODS{R%
 ?N89v #/#걈Bu* YG>"5x~uRg|L@<T}ڦDͧ^fx\|>\9#DH5+(mxFgO00FmNXHƩxLP/DI<+UJ)ubޒ!#đT!2O] EપdhHtj CՂ0w606H@:&9QxZ[gO&؛SX5:;MYu9l֟WQNvup/X
"'3/?2Yj`f^f+P^b7Qu2\gS<u+@r<ujSBxUI=OL"ve,T?XDx]ljxS|KZ=z^`)neUז/+񾺦ˉ|PC|J^rjqH_tXkZ:Vx.Gj3Ǫ?:YXiTm,}aN~HꠖTlnL<Ku[A|ݦqϯFbr:ŝ:Ua>Q |OWѵ}`nw9ެ{z[	:>/{g|j[!4~xjPZO[
T7EF!%"HTDD_IٳqBvʱS=I7n4Q.hs%ا7~uW*dƶu-gm8G7'Vm~&
qX>iNv޻Gs[Ooj?Zw%ye8uNg3d-9=fFl q^_1*L\okQg+/?e಺'ՇiOkN*m
}0֖FA<\]a-*9&rNF;m\ڰk:h'uqo؃O:tƠvK7ɷ4%Z.II4f'YkKuRE;!ENí:۴L֙=.Sd4V_-NsZ|z.mqh%2twkBdjZ
K+W[ј,UFܧOXRdkȷ9}Yr`j!GZWL_;/yZb!>UuמbhgcxXقXd9j~?@n_£ai1Yڀ!Qbfi0C!򿶐<L{#qύZ`vkc1Fj;<n(h8y	γvcqx|,'ͼ^5g)(@mH@HB"ZJ kLMSy:s]2*C0
r=ymk7;Qֳ,z2mx܍>ehOS1Y[mn S
iZSY83ΈCxASo:/-=/QZcN,(f2Ѿ\gl4+Z/sMD6:Un*|-t=4gjkcX%Ďu-1zo0PõojBixK{Bo	Ǎvv;DpّeyxO3GXmİB[/<%<ViDj_ü-Zl2j!,XM:mhK
^ـ`)>K;4|-c}fRul.7Kf [a.j_MB]vm;wh|˧8ӎgZnФ͉h7Lx>F_0h6:hѶ{#y3ҞCyHFDNniq:jܩ.f.{~}Rer>-p@+AbҢ7~b7gmCo8MfIjΣC~j])MBUL;ZP~s7Y8i.)vZ{?8@rjy8/|.h9.jT2k>5!3%Fe̺dv??*}lKF O5zZJAN71ڶT%ӷp.ܠ/oB{=/>KC'[Km<.\n=QEøQOI&olA>][i=SV)tֿpvMEC3P;mEHѻ_.Rtds"[y=U^CŸW_Hŕ/+5D}1FoWޔsJrŃ :~yz[}Tqz) l>@?Ӓ-;ء:Sr<?1X.(31>7CB'9=鳣~;ùOFdz"jmh4<b܋1VÙ2NC8;lM'ygJT/Op<,WDITY+zoO1T},Jbݔ
ˀ?LOdc%_1IUL]uD0Yo`މzf>3M.{V4>ԋPǷy0^W0]ME`*Xzd"TY|]7YxYJ4s/0Wٟ*YWc$Z9(`>W?YX"^ )5{!:
oX1oE,"gTDTjfvk黩zg}?r^)
֮㛰Z#ӱjkgd}PB~w&?3NoGl^aSEl|+5ب?B>$Z/xf]nzfo]my|7/]:T|?A-\z}NKӇĦ|LФܣ/!Bx'eq(4h}0A5:~a4 woKNPvǼ+kاon*~|- هSa'y_~εG q%y7įz=]oGӏ:w1'$$qqZNCO>$~ѓ?DqƝ˩_`M/迄pQ?	kR%}#ܿiDz_*8y2ƲqjC6`EF!BC|Hzc7]XH:t6Il|$.LDWc7F1D4hdL2ٕ79F]߈V1bVc-vqѦO0c=lۍ7H3d1|_toc2z2,e|HAщjnG{z`1Ӌ&^2vqqz~ːmȭe"xQs&08%s&A7Bc|f5i|`=lS$E<bBc:ke>sQdSlKw8[}%x?|]c-]0>qgnFO*ɑF:2ʨ	uhY	Bt</1X=g<N0"RRvS@\<8)h@nA6ڸӠdck%4ddtPXJ̘B),pDcQG4ɸ~/3&;6ڐ1}1ϪP.kcYc
9ƠYxpC`<J:+c<UmaKƆ֟$b1XنTWx]qM̏yFh-ʌUc1eo`%^caq*Ed^7F6ec;Uz&7s2bc,'st:+.qetKgN`1pJ1O>4vp2Xmt^l`-1|?5ѭ=fu\y\l0Ekcq;1э/dtfKcF"l!ZcZt25`ɿ_{.u\o@Kep83.EV[Hl7󩩚͍G!> |#zAЈ!dF_f]cy1DF dbWNF^]F0vᨃ=	|o\.^u>kMdƇ24SM`Gck}H>9{/ΔjT7r0ǌmƣ8a(IveN!"gad_1ug&O]sFp"i@F-E5.j1׎]\+h\?\e^gjwP\mfjlژ`%35-G-֬`<ͷ[<HelGNmvqWnjDp87QH2SI57̓6Ժ*bnd"t8n5ѱf.G*וaf$>iwE.NVts=ͦ 9߼+f^sGmJǬr4{4'VCGk๲̶$5xG6e}|zx_RANj~`&ml<do$7's0S/7#<b89-2{͟!bs11sM
7<͓|3<nVq:7]#[.GA2Ou/'r\c:ƚ7S0yx3Cl4{yͩ䓧'xF	2`}Df&9ٞ3K1yS"5sUYT,ϗg2wWmsR ynydNe4Ixݔglcٛa9yfdse7/靧gsH4/ǛQa%gGa2N|z*Js[<sJ>W%T3kWg񪹞Sly5b>͎ED~)^7ǲ0DԘw247E39S`9Hx3e&1%]sq\Gyn*xV#y?0s6dvćP&VXm~	ZDٍdK::IXom*D|jfC>3{sbn4wrSK>0~XTl6Gsie~tl5j_odfVc;{J@s ߘ=:
	:Pspө+h"cchȂ\ӜJf7s)4ih1ŸS&dn@<fWu937rE!v]f[vnfl_gNREls7GF=M'?[<KrT?9}QֿlֳU]N"7
y?sIVoo(iE~9%zOc9Uy"b$|Vg2.mhI?p).FI12&WTeYThW[aXءXdk9XgmSُmtq@zv];n	 f6\֚D6Z7+9Xތ6j,M!l!vV{/-~)ӜZ)6ڗTUt8@ηFћ+:M[MFO;wYbȰgf{dZ{Y
j,C,~듦\d[BVҹƒs,g2}x)V\ ]ۃԴ,"OLC։!FЩ[Kb`HV;EX|Љ<by=(1mVvD*VP6X7غ1k{s(3v%6anjY}n$?#G&磸R[m=a;cXk=8Ŧ|z5`ٜ'OY=Y}㬃@@d3!YY#>urif	tk(aYV0;Ѳr~!dLgcRea2fS?c,Mf0ijo4k	}ֺxɉYn$yKH.[g0hmZ
SV3'K$6lkV-ﯴ0\$6U"bg]=֛-yx`uLfc]h5/F^|(jx:W`1{m޶NajCZw#Z^ˬ=;gV|՞V&J	Ns>Xm#ϬkaBZTYU}l͢YgkPS1[+)kϬtlN?
Ċo&6[C5cm,l_F&q|ͮv{'7s!sQoe?<([r_&P,։2F6GG<7[[`)\e;lV1b=BJ/Fє5L*kNe}@Uۊpk=-{９gYz%,%\k<!rxdzгu8BT\6Q[on$Ǝ[Vl1~QNp>`:N[S٧rpX4p-1W8O/_VhoyǺ^쒵3ZJpx(k55?2\ej{'o	5v{vum춱*\grpM=lv-Ohgvk9:H|b׶l@Ww2t⵸>@$osdMqgY=˝fj[lIxj)mH=Raݏv;NGf{[n}1wڏнCg^Gvʰ;{qmoIB"T^5rklT*p}*l
z#n7Ef!v5;vD}rMgCcg_!;]v.}xlW,Kx>+D#hQ{-'Wct2Q2<z|<fojgsQb7Fwb9q{!3<n/Ϗ|=G1>Ԃ'~zcxl;1>x;ك	?dPj){,q+Eio cK!cPbj]^flݞߤ6Q2;6OǾ݀w^|P+4gg5s!TfӸ4nslZ<oW=7hb}OE{v@!fCx^܀Yv*l{r1J;e]C*ưO郪TίJ1O.k!Ln'Ī.^'o=Z
'Abm\%kX̷i]p.GxvR~)	+ϋnlC,U^tk}쑏1tǟؓXo'o)Ogj%6ڿ.!KaWYlb}ܿ[xgځpb}kbl?k][o?0<6|g@=.5p	t{Gxj`{$~?Ɋע~5
ڕېݫqd
DQQ(ITĉail^{sƞcOlPr^ j}O:j8`/":h_&`G}W~gplO=N/k/rN;,ڹ1f5ǉ1s*݈Sv`%Nys32KbniN;g-ҙeWxø@[v"&N%,/yҍ\p.(^I83VqIujݫu3	;vt::S휻np6MG{W$/<&::tr8;;<8~]=Ht]ygZ*ޛf'@vJvLtwRqFӋ9F]}s%TTs|z8/rqӽiN^aiO;o8TqGs
=NL ڋ'݆{1d9ѥy~=jlglz;kF&z	9РΘYxiG?Rcy!;} 9;+BQxr1::QrzsB=s(r~1Blq7cd8[zӛ8|up]LHgF9syN?r5^&s1yq蓬NJ')&\N]x5rlfCr@v283dZszҠ;3a8EtRXJK<B&9PTyx9E3 4LqNk0չYiYx	=x	[4xKPS)^pn'Zud~$/:Qᔑf:kW3SJ扶e'/EG9N*g\bd1xR?^q.bs9y-ZWeel1j~;?hN$NS5^x)	o9Ŏ1o;+XaTKx,e]x
g$-XΓ
3]no5VC*w5qao\N>:EP񉳀y;}D}Ϝ=FgC;%x1𥳅xPlu2n|Dۜڹvg0Y70ukNC,9;';>PF149^Ovdx9m[w~\86x؀g$]UV! r&Fy(:YhpjX]<{)v;{q;{wx9}[*ɨpd$WgX?Kq;񓳧)?;WGe/9N:ϳCc/phqb#~w^:;qԭ޷ךG=L"ϟu1看t\v禨z!^r=E_v~#b9T\515Z'Ѽx5#_;1m&a<M3\'6.h7qL:0q5'fKab_ꢎ}4QG牏0	{ebycN]8K6QqbulćqOѕEUѾSVf$$Ra($a(Fi(e:w_pM\25r)\%Mcfͥ,KsIӴ\;wwy@:9&8F.>{t:F7Nμw91wiϽѻ9]O<u$^05^Êٮ4<U,GJxq9"Sw5vӑ㸝*v=munvǋ9α:z94
~MJ<tmEsl;T<C!_q'(rӉs,V#w OT'Y計B1O)GV9.F1`'2w;0.3TAe01Ió;hJ0"w<
^1q>RJR2th+HHr`x=UC8PNK^vXG[+qs0F$ Zph΁ڗ.3VK1&15\lYmŝ5p:vRY8ֻ11˓WIub#Ҙ:1|])-4")*/63+뉄Zt|N2q5DwJ8:M縯o8ftjwtW-m22G[wERQ"fps<uı=9e}G{::<t,sJq!+٥X鸋D*G+O}Gc1jG3Gl|UvaY<u;:Ι 68-9K:_Qx͎i
l!J-luͩ*3t;?EWa'WoLGck1ntjxc`s%}Kϵ=%rE|49E/K$!o"DkŢskH@іz;%cb!{_0n{9{Ǫbxe;c!g;hK!GW"~=8ppɁx:dd~v71=*WrO~s\<ȞxяwGnc
Nrl"Z8)oY8Uz<8r	"\\r܅z2q\%2st	W::Q]\s-Û*u3Om}oJNQh=$ϽY@|Zp[z5*te|5	<h+Ndv^xџ$aVp :)ۅ`STy/4)BۖZ>MESqpLZ{wDW'Ԝ9R#tF^w:8CЉx_-zTJ<yDd;5.!AmBBa2]O
'aaH(	uy$['	
G%2c˛BqaP<O3XEbp Iakp'%>0dP>^"{oOs
a`E|:r\<(\9&g793Q!<s8fR<bH`pEZ~"Jx1BoK<W!^03$pܭCl$4B/EN*jN&]ِ	cLaB-?F1N^dG@īB/¯ɘS5 NM$,8WSĊ0UL2MF~.B+tf^R1SX,$|d9WI=?O;م6B~c6'[jfmcb3wV^2c\$nJb+U0nxO/jJRa50P˄9sVX2V
X/	zU#|"pSH>nsKc	X+L?0bf,	뉜 Dc:QřIEDmfEwǓ
ln-|#tfvvӹd|+ <Bw2Z+F@2d(Nh.4䣙uQq&k08#*LW~Ӱ*n{^]>=^2}\qT̅C*Q8BW{X?p/ ǄiUGW1y\	a7wa| '8E49m
0יC Y,_sBXS0i l/a{QX[E*LCd0Hf5F&
]Yk	q"Ol_g_,g$o7Jp1V͑|KٯogSFM.Uʑ 61[B$[]l݅b_G(ġٸ]U,BG2٠"NBC<Dgq 1w]{|?՘xrlx%Z]=
[/½Y>q`P4E<b,q]@7Q`/2Sp/4g!q{Vܓ ;rjŏxG9[8<B/+*ޢ䋭G/S#(#P\"<!&_|!OxWbX<]Oҹ4#-CD'53
_JPгs	;Ƭb8)9Qw</e ΢_1Jۈs*BC-FX#cZ_exI-6/Z>A&^%S۱ƋO/qz8ΛIWda$qC{s':笄!V38cpDcQanyU3֊k2k-/Nƛ$vf'q W*pi⡦LC#x!vW^3E+wxy-`ؗr<1)Z7{[EF'8~[N@,Do3YĞ,fûDrJ&~_Rq#M.ѾX}+i+r|$j!n؃D<+ŧb{լl|8\h֊rؕf^|ܝ|*="DlLfqQEA'Uk'B<lgJ񍸊'!~Np)"<p*w3qW|D?51AqQC41/,p
¬Dw%"&cūMNl\]bQ[,Wb98{EϯV}"g
p;dCbGqpErE%I5,.o/c6~f+q]..>B|R[S;tgDq45YqC73V)Zϳ
pA,_+)H<%x:%Fqgy"CN*h~j+jkv5d

zq"n[IyF[RZЕh#Ib*u#AjW6i0ux[Jt>C*2IҹRa$=HG)NIHEC=ϾZJm[SKoND%R.;UzStn8=҅]Ȑ~T^r}ҙxdJ#qa< !K*Mz5J;#uȖ:\.}H
D!GCCz+X\F#KxD;O40v	d|{У6ial<J+4Pryx\
xBMUV(塟:X2r )x	yBt5<OI͑zHRڞfJ|0qir4eҷ<CtJ|;QVa4KxQ!9nfRlKh%^nWb#xQr-k1Q-	y?RݡZH0NE5^iTJt&@vFȒHSJ_IBlti]!U5JOKZѼ4^5[#d	RRt#^zKQ+Wbkb⡎;ta4
| O:E`Ԗ]xDJQK)un%kl>[9oMU+wa#G!Ux{>p5x[z7PұR#8_:zJ%r_KZo5>F2Ԋ<h/rfg;VH䜕R꽏qAԪ9yD8O@tIw|ZOX-?gdNb$bt}d/\+Ig$uf
yu/[A|-KMۥ7vH7wJmھF5D'NSMHQ+pO闆x  ]fwJ{,&ZSB)2pX32Qwb-ՈK/Q3'aonl쑎&|n'{?HO>^8 uA3~HQ_a)݊#dy(Q[74;?&egU<StK*qB>:S(>Ugy9;9$CZ8/t½I{1\z6N䢿JH#.ԏqEr઴5)</U|\'Kt!3\/7R; odQU(iˑZwKZN`q|vwn"mEHK'NcnIr]`:A微$ˠ(?u{1)r9ME,Jϓ/H`kc+BH/ynH#?JȐFjpupݻ	9d+Ȓ1Sf"Ay.&[O]VX7ܞ~ܖ])Wŝ?,Of{D5!O@3},<*oT\F|&|}
<&)(dq9	]HVyqţ/o ?'n<<<`DOkTSeyFIAPym]&+.7_Tè{GpxN+Q)hyMxAz{$z$^熓P%˞Vc){2gg`܃U
_qrb	b:A!Ë u%叢gmӡʧ-T<0r<Ϛr_2%C_c)/Dl1l*"yr+*p`xc$Kq	[\*w4t}g0CAY//s-LW,y;"z9K+'cN_>MyZl%gxwmw5ߑSrE	^ƻm%cbxOrRHc>`.ri}(Tb+d7Joo>cX=Ur5yz`	>Oc.3@`/>'FR9誾 B6aܝ 6ʗZϮl22yjUNIlq-@L)>o}h
\72YhWz-˯S&\4o2?\ɫp-"Q@LWsӿ4,.yI ])#^f-S	b+ s܋h?ȝ8$kGyCr{o	~ۅ<݄#]0iUD'y	yOlS|cy(N
pFFl,Yyx;_?*{6':\SKqI㹀
#&2WԇWfpM4&_yxpg)b.O!Z(pTx:nPG+%Qل#p2.ҟx2i(jܪ\HPIܦy*#Q9iܜ$eܮJOV6qJtR:#Eq4wb\׾SMs鿀4[4.JV,]ItJͽ)G<ܫL7>R Jn@˞Ux@̈e)x]ʵPrt	xHX(Mz(	:\rԳ(<%⺽T}Hs
_XY}q<l,Tqe\,O(0EʯbS<诼L8ÓJ{*u+x꧔R-Q6P#Vư^V"fJ;9)җL1T}Yޓrera<W>=|P|)U*5d9O^0RР`21~/*U^4V^jLe1V5WY:^V:ES1+aJr(|	8&B$r#(\*Y$hJ"wv*,ѳ%$8e5ʹX&(Ed\U0QYkPtw%`'JJs9(BSLSNPWLW|4#阡\%+	z3Rw'bsDUF5cf$cXd|He;*'xd,V]ex\^I{-J:IPY2U4˕Xda֟JkUJaC>>a4SX=|lgs-F`2_Ŧ\to.Emer#,|l(WdLlRmVcߢLVF>_+)ئlaKh,a$bs1;ʸx!2_\cTn/٣t\u2Wz*=cѨR6)ihVƑB t"JX6O
ĸJOT\)BإlحtzC%c/P@\c2ؖ bum*aeg4Gdਲ3Y_e,cTgWL!~S%rȧ'r3<]5PErw,13Ҋr)_s.*R'_Rދo7b-d WP WÝF.ſ2\i.u0z8ԫu^8ߠ.gR>Q)nRq3Akug4ڨ+[U_<6(Z귾4$"[ю,5vzj׌G{k'pRԙܡ>UMbLT?wYi>tQPitULAڛ{:Eg3?<i_=ҴW"KEԍă3ѱv!s>r8.Bm=9䪣V&\<uUS 9>y=nGՅJQ-P%U7P=*TS'WW1#O0e(Rod:&RP-ē\ǁ6e2<ֳ.2%TqzͷO꺆+:9^2uPY=rO癍md
pc5ϩݙJ:yu}#P%F;#zWw`4cԛLx]XWԍnTcZOPRnz%Q%z_6PHhB]`0::RO5NuSC1j)tԱBUMLTbxM}^PI|'zS[ي꬘*̎z^_4YlTa<+0؇y	:7XAxSl|]zT+;j Xg]/V%'UD]@寺j>R55}PE̯#Xda:!,#^/j7*u4'j$DSZE^L!s9z5jφ*eNB=MON^>LA9)RWǕؤaZN s+_#Ʊ9;G0waW%bwAu6¥^^[La5-Wu}GKy%@9z]FuIѬ^"WV؛"@ Qz ^Շءc.YDR*u7Ե
S}8SArT6-ޣafs;p2ڞ89.&1׿AU*o4aP7WIuIWV'ڏC=@tr8?ø.^K]^ոuo]h'Q;.p8qU_kW*%Di]|?/9[AMEJڸ7jp+TT5?#|PC.hjBk6@)jsXZ1F/ד0=NBd)niKJt.Ec벐&֡3VTܽwjcKEmf-sA[qF6GCZKx@O@Dt5%AqlMmDwK*Ƈ4uI{hezjW	R0%xDk+yY^ Z[Oy_[<}}Ti#Puz|\[Euis>|-y=<Oj_Ȇk6o~`6=X)ڝZE̋!I3ڦBqjJ9,0$pM16ri;\I~mL񂶿)#QZJ1ZJ1F;\jm5KZema0c"NQBm76TԊ5lomH*)@Z0n }nNh 'k阠ëڬ`-jBLv<R:M;I;9ZS0U)Ӵ}.Z)r&wXUc= RØE|0Xy1oh뙑7)o[JbmKHf5$`60`3jCx%%Mbm\uAj}SL;nZO+Y.|D<c훦J.'~Oֶɟi߳~+SF[EOVF~6$bCf4g`eb
=&%E~ULXiKkVBCJݸSKǷڗ44jݓG;)w2|2=]D8ICϨYXA֊}$D2ӆ2rǓ]|SG;F+Z}t4B:k;8SkCZG:-󣙌'횯 GNYN)i-oI2q
O(38ɪ).\юO&ם%#V*SZ;g^оh؎j\$pIhMgSˌX\TrU=5Fo<*4wQOIzGz#! 7YT57뫚؜[h[ɓ	zv>_->k CtI:hz~J^<ܡoo~W"wҷCq?LC>̷wz{tS-<.ܧ@לe_	MYnN\d띣]/c<ҷu.5'=o:rba}}`$bv/}uPGoyWMxTA5Gpz+ƪ};مB}D8xWH_KOC4׏cކIư
DH#ބtXӂEg7i,j~(mMޓZw(B<?I^-kYB_߰#89}*U\x^SWOnH;u~zQ*p5F݈1?5yr>fc>}g}k0^?MO @1V"WA֗*Zs-4}5-a~٩oc;7agūzjt;jX0Hs*^5:>yObޞ:UCO簏OOѓ{՘g#1S%`.1[Nj>9WB0O7V[zo穓w㿣wg,{Hbv2û|%n:$g`~<RV|_aE,˱5Tw?ņd|`<>gR)_j=\s"6kdڵn/X5iXdg-c~//+i7qجil[s}a~ܻ]?FGTZSC۠%W'[_OGRyzݡ| __MSd堑gAY?HBHAGuA1Qt:z~1d)vحggߣbثE56Zqtt˛NSd.*qHsf0_#W3kGR/EzL_*U<p\oE5xBoN1WN铨O8Om*0v[z{ciS˺>/./QuDl/GⲮQ\a~qUIxM_#gU1{zc[B27өn2hn6na-6Nbld_kcco5!6#XJh,d㘃1l$_w0njd5ј.C'JMmpQ_JW:Rlx'qqH36GDt1)AWOztc;Ƈ{/]Y0*Y5%ϘL#gߨcbdtt㮪9Fݍk!#ƍT=ͥxXմRgiE/ck| z멝e4t1&6סxڣ޿+o7nsϨggTƳ'O_aqs(Ō<<e1َNdQ[>э(5:0c	HmYcE*0xXn	iFjc34%7*bK1gaqh F]D"TGB0ڸBU<j'O$/#1N.3xc09aFJe[hEjxaU0Dŵ6:4̃8P?`152KPk,`h<^׌;ȇuUIFyx2UTb8~Ӎ"n7Wbkd<ꍞ%Ilg`9F[<Hecq1<Fl%0$M#5x_#:* #z;.,2yXLt:,1F!}F~21|`JCp:=ӱ[Q4Q~d,Ǽg
V12a+>5J+^g<]%>75ƿJ%-Q3zŰޅe|i\/Wrl2FVcqof"En'ya\h[s>%p?FmtckϘM7*k E7QOXe_K;ZĖdԸF
 nS:2J۸js{49[~063]WadCƅhs?#}^d-{FU_]1c.kWc&o/L7ҩ+N[~c9i̤?eN[30UYc'rLg=hi%I>QFBw/Us	]SgZ5\34-M[ߎVf]`#n4tOM潱%ټy,ZIcży][͇J`o3Ч5Wi&
ڙǨ:ڛ鯓̵M;֝=$ssh6t2{b~Iut6l^@*G2yֻwS\H3wTIlNnpy7=:5ǄSp+4fDٙ4lK5Kƃtdt77f!s K@O\d,	 ?b!F'؋W<Dova5_9(0WQy53gQ_4qxCYd~D<߬w%aX'i@s\q#2Q73Qb[̱Ost;xdYsT wSمp
?#.5vC&**<o*|#9aċUTMuc~NCY/Kԫ/ix֔ql7dTC0+b"D%8%dSPb[r?mȺ޳yU	2Lp>5`~JF-cXB59::s$%W&sb&L5+ZMg|Vu0<BQOL,G1ۼ>fk|jaMsD|7P]e!67fbwмџEƖO4{y9s	L%[ꗚi|?ف\̬`;Zd%Q#H*E|bmǧhVSXY1_kγk=d|a3yD7}o0l4W5)9_Gϸ|'- rVs;s51Smvrvs(#y,f
;͝ߚ{<hjZ͈sU<G<OK0w<zF3ݰ\,JĔcՈ0YCb3S'ͭB|g@e`7{|Iknji>X~}YG"8hTu>~4?k=/]#J?y)G͙T?s|q8f|j475qsh'V~7k}p,Dj8c/ǳvsi
:1/3;&"
.Fo815420WKq|"xgn#_g=˾?k{<`mzkb|,nVJhC]lGkk-Vmccd'MvG]ZZH hgE#S%YT^ٸێNV`RWF
SZ>N]V;b#Dj{j@Un{u}u"pJý?졙e*xz̲tn'=h GwF`6Sp&xغ#֋@%\ekNBoV*|r,E+UtUݼ}4ǬlBkonexHYd]45y
[eVICT@k]̼Sწ.%mt<;E2V09g?YձMjmY}l/ʭ<|YˁefьZ-1\i$?o\_H+7PQ^^zbwm]1ёn#]`5ɷ8<̈OȘduagt%Ջu2GyЙ0{k`r:א֠*l(O
^|V)sU֐:k8$c^l5OᘌiL}H(ofZT~l7s.0I74ϺF.=|7eMTmY`]|ZGf[h}"k
[`ߵEa	*{VO2|j%Zz>Xfq'y%+Kߏߛ1ǰu;Olt5Vs<|\sT5VZ3񅵊=eՃ;_oٌKb%1f4WlM_2lЉl=5Ƨc;ߝoaNk0Q4X7e=ȻkπE[3V'_!3|]&Xy]GzHrd,7 n;ujHkgZZ~cFPEyң8`
e -!s~8lU8bM
'N&Gg/p26p_N5$[OXGtI *xpz؛sǟ,yk]$R/+-%KpҢ<	l$rX"j"G_KYWU[5RC	}2f7؇he|3}
f{~k{5߽~3:n;G`)G[;='ڏ!ǨUہP|9`Buq;^dԙB9:qr~}=Otw`R.q=-^HX.`*rsH_{qI dd{9V>{+"~-*DNf_'P!d#nxއ
=	Ɉ"3aUGb#egvOݎ~Q{wt<潀؄<<Phw'qFi
`TEor-\/ya]C}$@{g)(b=S{2Yk0 O"QjR03~/T6"c"kۋ5ԜS'67a\sh5*%x;.HΙQ<=ԣhFc짨vM#*l7XÖoia^j1<v?o-).φdW.@c}jzۺ=׷^e?ڴTANe:jg	v1]v=Q݊0Ѿ90q
J1^JtM'G-L?LTHٿ1ٕI8L;*Yv]JWث[1~!\y67lӷo]b>1S޶,]xǾ=^vX=7zjwT5ؽx~}&`)vS/tr{wV*WD#>[`S6V#=ڞ:*s;¼EXk;̵zVw96ؗi(×CtF_:6aͶC[yl|mwhmm|clzb}W6g\
J k/g7Q!lOA|4ڻJlXkpOĞIK;;0Kj7x`#{)l|ow;8c? 䁃v8ďki?X<}3YFľ+qx%l	{?ZǾȜbEg'gvgl+V?8oBwwe4ࢽ$mwg/>Euw`b˛kوDXsGOkl\BT|ާjFg+MN$7;gx9'Źh[)T	\6g{Ht΢hMc>;8*;g%;p;9eO:R3Yew8Ctdcw:w94NG=`g!=`Wgy ٟY)=K<랎{רs!3="9-NL$A&9	jCo9b8ƣnJGO<:6a繆b<s^{9z;;3z"{gH1
Sx	^/tS?H>\\"v~ίA6{^'Rc:k.FsPSmdA\+%x9]b3#-<P0Yg&;gaU
ÝYpnsjwٯ3\:ҹcEg@	8>vVPY=P9-_v^`ol$^a31ιUy^Xp :g-H2_\ ՙH+Atv1zgCSjك&8ǷUw*1&5ba'970ٙ<S{♘yi03)k:[z2LTP|1٥},<y
kSg}wNjsիWiiZVcV40eE-jw>עȡVˢ0=sڞ='B(!JC}~ᾯKkKVS[}l.ǒ;3zehޮDz8WwIxwL;5{*j:VWGh_xxz`ToԻVoh>ӭg'c!Zf	
dmǧR}6bcӦ`66W?욋A*p">gVV|Q&pc;G$bGs]h-_Uk[G7BlEk9V?Nf7_}-QV0ٯzgM:DC؃P |T`ֻ\~s뼍SDg&>Dj/gʰyR}Pէ|E8HꅬCfbqH2eY/\Goh+G'?j%ǪCTǉQ8Q='Uo;U#S|+{~QugNz̳0Pj~ѻHpսTw44Gd\!Z\)	DoIb*ᰧJ#*4Dj!v|k2;fw7j¹p#b--KK98[X۞8 ^9>BJz$ѻ O$"ōkqC"+0(g|-u a.nzb"@D-lr
s[sMX!Mx՗AcE:W`~+#C8+%*oLÄd~3w=,y羱!Md:q_,r/k{9BF=#L@.B.Խt(yB?g0\SUOhnMaaN4əy(($aRiX-)=*rHCK4ӄ	9Ӆq!|OCBy),Ş%tB#V02( |1a*ui0+"q!99P
]CixB𐟟:KQ&5xJ.<Fi>w:DQϙxVpA>|^xkGK=^B-i6"aOp.D!6A2sE̀*c.4/U.kap0B&,abtl~+/	+pk45kD+BAKX ūB+k}!A.ts2REr)	W-
8)7UX*!-i2X.l;\$4`F1){kڅL`.B5B@)X;%P8jG6z>cޮ넦h< >ly=Zo,2'#SU$7Jd#yl>s2FlvfۄivAxvC(%%Yd/sh~ph6<ì&0.'DRg-dYKA-&svpCPx9
	ZzR!Dl%c."
_[X<{8#[VD6~&bPҜ}vm^*~^-p}ᐰW~m8,ɏN/BU|T3sᘀ`,sq.Ia#l㔰ɕP~wd~KObo!{58'LgKʛNx^ښEAԣf6x:Wi8J{9+cCJ/xdWqw؟xx2XnZq|h!bη2CގXqxO/QK|]8t;ٸNGX\>bQs!	ĉUAܗf"QQ\^:$cW'p	/fّ&YNSF
n	%#UΌ*y2q؍I?%px^;`1Ĩ!V/!C-*f"S\囋aS|,Y\E##ﻋo9)~Eoww3څD_uhu
F+vaj{paXq0y)_Ida߅:ۨ#sE;ŧ/5v'thy(gxPt{6bhs0]Ğ5CDC9O:f[`f&<GQ2p3-.#bCx2XY9b=svb	<UF<%6z*0OoʹO-G=rWKǳ<r<'@9ym2E8[E
Z<iV: I+r(b7N&Nxo(8ZbL8"%%/qL)^!fb>wQ!G*[|wxmk^~C."G*7[Q3a؝췄Va)s8>eF,gMq7BKVrǕbS
'.*V"׬!J`-1u]x:qlL;>WN>ecAAX@\/Xl)||sf`5bEF޴["|.ncGP1qlx};?ȷMsxַjhΡUl{ud~s!<O	|H-\x@3
؋>,.|HbKI[5{Į0߈ߊa2w{E;Ľixy~S+qPMb!{!1?x?ypDL>YL/|~92bs)F+m1WḸ8?!^=v7~QѝuRwq
uB_S|UyVg>'./~NdsLa"93inW>կz^H2q45HĮrK?`<JMJ\-=_#C7i>;׵F9Fjơ4TL+tg8㤺Rq뤟㥮|4/v,@u\ u	t%<a.nƵU&U$ɡ;'¼f#YB[.HYEatiҒ˿Y5Is$? zۥHО;n2$"ma'*<s)qgcuvT"KZ柈	qli
wI
H鬯9<(-5H%yXEtc$7=WiX3\{>Ty:/%.?
x@ZE2zyǉ$adGPJL`̧(bv
 ##c4ٜ.fcE)-`'zXj%&z<"uyT5Q"-4@4qi<y=&Kux'ICۀR̓XfRxVwB4 43xAj	7JGwt[ji{KȻAF Kv4~Sn53T`Hgk`I24o>e^☁iTHxEJi45R~*WY1YLxCz1ERϛRE4oIt[ҟX\c\ʻm9oIݨ
KGxWjeWHCWJiɵX%j)jF8kCXlᨃPG</ǇZ|$,KcXe+IihwL'R'FuQ:QLJ
c#(ct;lDOQ-4O>>~HVf-_HUۤa4)~!kMA4+Y[d+ZZZOKfeztO۩NDwD8xtHJ%u3FLDJ=|&vJ;cԕxhn)}a#|+'K|'uWa*P'|/n?HA\!EQ%IϹ'qd|9_/'J]&:YS~x48Ap㤔+oB|8-龵]zjvgȊuS*O<+5O㜴I13b8/}؞RE.TJ#
Gs#	=n	#gXJ-
3Znyg+.%\+ictfZodb
S~#d%qU͙N~</jG^ :,7bs/e*(oIdG?K0~U `o7ŧ<1P>2Ȗ RZ*OڼM~';n ':V I,ǳ!OjF3pC9C!EȔ0o-ˑ%b|9#䖖Rdw$.u,Oi3[^=rwQ+0ZawG;Q+?IDDLQ
'&`lG|~rH&ʽ&GɼrӘ"o*w
E9塼4yL!:f2G𰬇cGx̵xT>sP"1ڈDʃ8OQr\yIOF<)767yShɦ/K<ƿp"TpxVA|FP)|^>N󂼅JJQ(\iO~. lO(_OTHr/	܃jV5W_gu<!)5W&^Վ,/R]Y),-W徬x,	s𺼑5Hoʯߒe˧DRy.{2s1/X.7򼠆w垡D
X){wJ9P-ȭFǹJ,G@~2 urCyE4ɅW<CYX'l-C(0b'^>wƙ(v%c߻
e9U<ֻ[Y)1B6[Llb܃gy7RW؀4˳=9pS:rq"Zeny;.W>φO/+*qyv`#(kiDHy<~?"_CT^%Nr{ny,|wyr;.W"2beoafE|ƭUQg;$&'>SP
~a(\Nޯ_\qRɜ'İ]\i.+rq??9Ybc"w*𗼇|<p^❉P*.Ϲg|o4	pʓ.>q
e6]Jv+<Ty(#RF2?z;r<Pk6npT^fQƵʸP	#VlCOK/O\dVSִ/BGQc)&jwHTL}kp{KO*xde	pr8Z~)Q2@%(7xtq/ĭt-B. e+sv4V|YCDe\CQrk1Tu4!S95)vԍ;ER`8g\|ޑle;w)
5QQ(OG)S{Vvj\%. c_f*i8eq~m+]S.LP?]OP@]4QA3I;Wp=w:*ԟEJWÃ\Ӕ-%)Cʓ阩aY,+؉QP>JU\.c2VY7\yk(c1WZ't1O*=Dʔ>9QG2yZ1	xF.@ҋ:Ye(+9eUD+ɌRT2^T&OďuVAT]u٣ebl9e_lqE)5쏺r=Pʚ`rXJOb3%eTЃ('kR+#ɐO*^U	5cP^˼̹[ݔxv7xZZVbeFt(-a?s]N:eX8;Jg *!ZtT['>W)ӱZ\Z.\|[~|l&#Τ^YIT<p([.n1lPM|'2Fe]61&6+PJ?W>(?g-VN/6sەk2T>eܡoR4|Y62+-ŠVtJʣ|{+hSɄ(ѡ`BcbdQF;zRR|Ag4ҰMFI*r)zOb>FFf?O[m,?(1(\98i8,!~R/̏2jRռ?+؁84Sw*1+
ǔ-p(]WXT=SP:N+[J'J㌲Oe7{Y#V#(=w.(E2? M(ϻ_9GZ+r*F;+/uNu#qr$WiMމFnMmsV%F-oEw5ĪvTR	Ʃk-l\Ώ@څ^Lj4 nPww>DՎlč*՛qb$}<s_}7Rd 51`RTw_iOD2YVu 5mg͉HS;-qo|	\CTCd#aMu:),umu~ٞlu/wa#7ëؒvOQwcjgbu;ƨreK1VNŽJƩƫcWx
qKLP	mDO8TUD~9&(TLQ{TU8)嘦|	R1y!u/3xX<R;b{jGj!< srVy2cz*3sxBe]xB]Ҏ'lb<h8>ӑr0Yi3j'ꎈgB8o.*<<sw//PE{[y
IjkU3PMPWNM9+[]~>D}ר9'0_o+c#gjRIc!RyBn":L)RoTVѕjR yKճD\9=XF[]._V1G+U>S/ybJju*3FI|N@Z:Pm#Py8|?4,>aұb:%k.v$c:}m:-V!lQ's4lUD%`mMvfTTsءv2MEꢯԾ0w"\j.9E[% (WD'#yv9UwW@XDDԒZd,RkDrQI÷Rb;!wұOό{Qz<P|~Tأ3ϟX83/U!L晈_T?Q$Y+S9S::gvz]8Kiq?X;8n	Ou?gտYMyK=@!WOpA/!Kta+C%lhWhdhz7J->]ǯ _jFm-ֺVC-USwf]{.ZSZj}uB^OzkuT56砏v k	ڍnj}:rnǍZg(ܤ]G6Ν~iaKw0'?}HѾlO@O-l_R8joeܦnE6#F_=ҵGCvg
CTC<AdjxcvNNtYZn8	õ"L S0RFnZܣR=Үnͷ<[-r9XDܫ]}F1N\׶'k\O!pݬH
e0Kw1Y[z,)+S9S"??`v5Gqk*fjuÚFQkkKxD{9}YG	,l-9	iDKfx+0G݀\$8<>X]$&m6\يB<DoR3xsZYImZ]9J;Ë=|ށE"HWd6Yy5jYkqB%0mt&O{Ø%xYN$p+~ñX"$n>Drc.rQFZ#W,a$+mm=2~^_h#Gf+NړQxOCtҮ,jV
.b%SIFCb Y)-:ڐh3"%X=ާ'ϴH!6jIڎb*Fhs
>V\a)ie`v/&YM}DYȅK7hߵU驅[p9p̖L"~M{B@KCAP[Ӿ
!͇Okӣj٭vjBm$Z2Un4=n|}M·diKW{#`Fۯt{-Ǔ	%8c=ȳ9QɓҢ-UOV3?Co5/ZQOGi{~B1mMhs#8sߓZ}oZ?E<m^fTZ/j3r_,ԖPu88j{<-v\6Q^[5-vy&G\bg.뺋~+Uzەc&昌k^9Ʊ+[c`HM؃3'%^8p8uoNt$;Z^G'L7kȓ}uz~7ҭߤ	~::q(YAu4@|_yV E}bnѻܪ6iⷋpܞuFaq>Гے0DGu:T_ݚLHOclp}
9v^ʞͻ.O<R'Dܭ,=<jQD*1zG[rm)#W_E}8}4x R|U}F	YrWW^+c;/$}+5de]2_&mS_M=T[o"fWaq2KvP{CxD75xT=%d~kkJ!Uw	O=U8߈8
t圯Ӝ9gxTsxV,9zT2xoDl+$޽q;XQFN.|ށq)To4]Rgca7E`Wyz,;ϧOe>Ӏ|{G3YXɯ[__Ͻ1x]_x5.{{QK$$c~<%zZ8Kroez%Ur}*>=]{>g5*teb*sF@V?Eޅ=JSH?Bv]?|x7P]7#EDזTxj~îFF P*6?R4Ek<VTHMlw&b;Iėz
}#;HWci~j-OFD$J$^}{K2|Q͙h4OG}-__K^L@ߊCd?dڥlz[ឈ=S7(|ǅޛj/#}n:|uLWkгڲpP_n':'f6D*\h8BpTޚN]W?Tu\.pBo"gs_SD7DT!p\O~=hqgޟdࢾwJ_^FOb	Ƅh#4Llt1FR\ř4ը˸c
1T8?QcBwc45@c=Ok4,#B=cof23ք
o!1BpZ4xH%'t7w\M۬$CϨBc y2\llD;bbqŘDj4yVیɼQQEd<ݞH7Jdc,,u(RLL3^Ce+pc/#눽l
.*F=Hq;;F]-Դ;Emlbc|5Y5;k4h3@6ΰ0Aq?gQ)\きxwD!IFZLhm#̪j/Ń2L㩚0.#Dgq+LPflbqc5Lk	1:\GQ,aR0۸=gZbPj\<S٘È-\kЅ'Aj~cPf̏)h&][ˍ\ickc<XC8-t DE#x]~cمjtA0OEo́l|OG'*YNn<^OiL;L&l"8?%yC1#6RƟX`lU+"uc{&uXdz^xE59%lRk2㔧 ˍ.#xgûm=t+Z{\aVg=`'Zct7aOx%uC𑱸}9=ޒu<z|bArl0c񩱥u9>3&n4α6+;٘F[Ds#)\~af7_5\ae."(e,'[ϚMYp+1p^t">AoyFx	p0^sOG8Oua<c5O5zvlN"y#v#H/nF{µƈ5[T-3
'c FkT\K񃱄 AX~4V}C|FOFa@pDllB|FзϿ19Ǎ8awO~j߈lLN{laL#(YVGZ/ryM~FC旈cL_co!^aN, ufc5/|b.UH,gΊ|欰^fNŵf9llo6bcP2/vDg؏&Ǯ3[7Їc27׻`>9.5Odhv	7&hh'y~fMl֒]Oo6PU-AYLTp	v4ˎ<Ȝɞ~~<`;̣tpPS!d^2̔Zqyy)̸p%S<#~2yrfb9.lMP1d?e^C<6,䚚/\kNga904mgB-Giybyc&!fq^hf3u&і(2˛As̞9#`[̻]ivw~|=w(6;Gz<jl)Fºm0y=/eNq\={k6?aًκO6):,/*Pn9x<cPaK}sDWA5<V۳Pe.h6G1k%a:Ab@5{Sjtٍ|,Ljo,sq{lP<Pl9k]8bf盷W9&53jͩԫo2bxӜO[f\JߺKͤ0߬Xf^M,'{\]p(+	+:D2jsg|7t"06y#s+GY|ly<yu'fNs֛2a̜͸mMf3]fx(l15w>7Po5mmf<J<s#dfd2Pc2'}V  7^sj >!~Ɨ6d[G!`e;Lӕ qoX0$#5+yǝQ*Nfnf?{-	oyK)y}f~N&7_iNfvA?	?81?)8lÉ}\*GIHů1syLq<dd4{Ῑo5'y#́􃿛'CΰًF}_f!A:f=vx(ET\2񏹾 MǺ}
k;q]j+t1V]%TWqLQ)j#]m~j&5%Zk-+1ϳ ݭ$bkM&{Yg61ۺp:xkcVyuk ךCUh bo^KqU>d6YOrV d p(7[ϑiS\y -O)2o6ӑfc0suK瘎*aMT y!oZ'د3E\m'2
wdYs<y
FX=;mE^a52ǚCtu=gG[/p1Vf0ZHXk O~A0ygYVb5lLV^V"~k#PV'#6:J6Bd9
-\::؞3ߊZ"Y]/^
p!k񰵾
qbG\<ʽPb?#R=O<gS0OT<fIF[f|1<k5i2gNu5=YksKF553VExwLF7R=U>j`uẅ́h%xKdk<bTӠY[\YЉ(NвNvRFi^lr&^.gR꾓oUѷfRy_`Xd-nǛxz&jb4KB,Eo[>e<zVKx"ޱR5>"cNK"VZɷYXeDc5Z#zζ\Y;V_zꏬ:_3زuk%wĺڻRnOd|fZFo:nel&?X=6?6_Wu:Y/ᬸ$4qLW<4slxhhqj-mX<sᵾ7Y9o%mV_\[cVjbw0V%ZmeYqL0kوZK"3N.k7su;;=uJ[`dbu-gmb5{_~ spNA4B	Yb3z} uNgg:EtԺSeWKY7\/yII(f=H⭋p[߭rV	=c2օjpzUj]<WVYh}E|ɺرX׊2#gzp#p66[_{Op7lӕDWۻ[KqKG7[-,碻-TvSKb| l_XC}%So3_g=i}qޞԖ{D
7H&Ch&nqϳIvRdo+TM[7۷p@9N!xmp]JS9d	
s\v/Va"d5b8CYM<m9Ria=-r#Fl;m!>io={?w<ENdFqLhYt2T\
X{ȳT|g&ʹ`/S+y~"<`OcșL_aL&GZPhL"(zо7Ti]v+{;1yȎ}̴^oʝeۻxĶ<xuPbmr1{a]sZ̵4ot<if)c5<e?YyftxڞE/.@kY{rK>dTr"<o.vW_>\hj'}8 be;ͅb.j?ntmPv`9Lz,cX_S]lW
Qcү=1اد_񎋰ОҞvEv.D=Qks$,-Ծ=Z:*rFc7PEkGǷ=]ejy:Lb8	CuUYK|QI>^ubFc>
Xo&7ؿ3.^f69&{\[6=s{?]1mD.lc=#_C	wo0Փfel@ݥ`6ܶN篂g;ty~{,f_`omw{[:w #Dla^2vJo+cJs;bqWby!wFvuw;{nwk|V{!'9mq|u?C8_*~bⰽk|.~]/\m:rN{&~7
5q{1?Z.I{Ѿ2&.׾>]Ğ}׍P=Ō_ԙۏEpގ=E{v7?v2tw-N,8y+{ⴄ*go&Y]"j19B7xK9uʃqNk*ptd"ߖwfWʙ3xgqK8pHFfXNS}=ź/BSAyxNv~"oD34-RQ:3kq7r9G=n90ȹԑ۝>=Hwvk0ةs-#Ld8jrqvz'b3L̡s%NqŸeasWk.F8+lk_[q>mݎ{(+!v0ΦLuZ+psW{j"s.Lxg]؅|,>g ]	(p
q3Zgj#FLrfNvSE:/PwMqlVT]ɧgyYXiVLw=f8o<,hݎɠ;;[1)^Bs1:8MuzvZNcΈ`:Jt=;"\'	pO:9C351(w3Y
g>9=J%s^iU<U;]n=
BvAq~k+XͅԄ@:aJι	ɺt8NWzMxr
Jw<Xki«NkmQXHWu'*ts~Mg0][DD-3Y;%NKrꓷԇ˜XxxYL_.
w+y*gKBvuk:u^s}~^.29*o>rFx*P(x>UY38EXbwS~[Ϝ96:_6[=8W	J!XmvlwvDJ%v8C1hrVV+6m7\8*'U8v^0s#;]ۜfvg;O 4t|BMbYɈ8tQGbrkgnW8Õ:yE1'N~i|I"xGa#9Sy;G8¨6g[#~qzt'WY1g{ǝbz<g!N~k/77~w*v+t⬳z}+؈68O1qE%@)q2}i2KHxStYo"j5ƲeScIӲicIS#Ʋ|^t`RMi;tPHy><}_u_W[}/~'l\&%pB
\!<)AG<Z+%UoG'a?lg4VB;]7a	|]mzsC$s	ON.Z85Bzl9Rd*kc-NxyOע(0s,FN#Rqps<i(C|$LU"S@ne_OX9§ddw3-BN :MU˳&gnPgOn
p%ڈ#kNsb	3|%.h]BȗB=+W؃.p_y&|4z _WCMw\1Zg<
7P*0V(uCP$\L8g{镊"xXȎaYt{
f<ﴦ`p R8g'8sʄj<)t'r:Qc0Y]Yy"x؟alLhón"ot/WFf9af"ex^;yxEa_3𲐙W?bQ-<Bܾ*5!(B0%dׅVFVMlaV$oNx+)$%ta0}m!3^P< 2B]IO!P(BiB+^
Ce?29fЭBr8 hQ;+M/̈a>{h4}a*BaM,L,p,.8/yk𡰙#I1=6>aN`sTדdULXVυsZ/7Nqk}k_		Mb{3ٯF 3_syuI8JPfƧ-`07p9{V#%B%Y6c63AhڄY}李Z0+#&u!w#!dSmy+Mxi`;8N2X#;a;}.m*`0
g"(cp}gךljy8(8➳p)/&avh~z<*8;*%v $qn㔰W߅癝?Xu8-$gv$zÿϩ]&j#TDsp^څr'GC.\&&Tt^.^bF"	ŃQWWy*.ЌNbJgqk	舻M,I.֢[dFĞ"ezph=gF,dLǒÞ	NA3ŤN\(ŧ/~1{7#BI3c=wo@dɞ$;swFj-&$O2g|ΜAbk:nc,6qc,ny0TL*'mHreT8ww&`؏>w]:+nq={K8ģ^QO,s"_lNLHqet]Oq;؟9-ƈew9kQ(67a8,6EQ_%Oy=,Nb?}D:sx0kDmjX&븓ĎThYOeyxRlSb'rwx&&d<-Rψ`v
o\ųpۨ~H6g%0C&R<ى繖V:ĎyxQlzO:3űZ,NdwxEK_͜UlEŨߢ%.⤶|Ԋ-Z7F)6x8,qo!zbUjHUd1FWUq&N[:g5k-řTΎ7Pweo:H3;ox$4e}C(SHb87DNTxf,Edb>tL/~V0+	VǙU
|&Gxlx_׈,>+ɽoI׋bq{Z<BOQ/XM|#Uc3wu-bz|/0qs*#..WȇO(_z[8 H7MNtFyYXܚf (XgE\^-Q,61rxC&$
.&|'V%K{v/vs܆=<⻡d(nub6}{-EIR%p5?C*'NplbZX{q\<K&<!.o\$O6	jQ,Q|gĵ58+2ks!㼘z .?kⵡ@)\"e@R`).	uA.gBRY8֕UR#=~'ivR >]aQ*)&Ϟ$.!-AVԉlKކi7F߆Ti{{zpWpҤt#_gHGBj "C7JMr#S@_gnB4>48/0sp3dt|5Hƭ,ԴCq:&PC	KɁwH#Z;"Z0ԋ\ f9yXd=K31_O?>JJ> *--@AFc*%P<$HIM;Nz'4nK5R<"%'HJC1Q?%ߎIvǤBJ-Cx\JxBP&mIiSj*r6<c3ec
4<#ura4Bg6WL.Z9i^83I:xFJ+^ ϔLҦL"u!T3>*5F4^c4"V%_h jyGlRy(uRޔfP%͈/YxhO\)ǕzՖA}y9`HR< K5)PUU&rC^lC:nkJ=>wÖ63H["ihưI_+şJ3c/#G']J@z=)M"| $ұ",rLz\|$U|,'@.VH)T*<~
Igk>bXt5u)^+G1X/V4K6EQ$-i,fVz>ZXwE-K
-vgUjWHdEԁ~oK?A):MOF;afd"RJ Qi;TO^Z*a<I茶KId丄
|+	T;2FvI߄$;擙CO)~nc+^}|2F'i;Ag(I?33[_݅8,vJ;#U8
1iw[/NHudߤn'<8z
?.8-nǟR3g09K</@-9)GyH5.HJyt
I''.wxTN?#*.ODZpLQ+dM	$'SwY]䉞ltgn$!˕$\,Wl%Og!E.j9(]#;TY}no\:4r7s]/tB>r7ȋ[G!Cƍ?T7qšȔ<mn%?F?y;KZ.[RGEvb7dV9;d`0g!]*0op܏5#ڿ]arwpFw1Vg1BN W-r+wː'^>:m	)~;Gˍ^A.:/+[ԥ=na[GtVW	%bS4Q9y(݋IHcʿ)xB^D_I9Oɭ%(;'-tROCw^rp;*G蠧c=g1]򞓏[0C.rnl>ϸ3w%Dԋ@^ϲdk|g^&֡Z_GW5j00;'j.ͷN>3|$9rk ޖ7Qs˿{@{z ʣINm,oJQ86CR+tUCsf(XS];T8/wcayXrX(wfcQWm->'Q3,g\&gFeX.DG2]Ț'+<|**JYUr/|.ǱZ݄/tU_H4c|kyEJZun|5>Yf_&7qoa7|{Go:uqmp3]dxdxTxtZ49C] ĳFX>Z[\ STȽ&`|h&tۉ<wWa'㜆o咄yt[xzrKNd*(/a,9mr< '?ew'/E?sfi8,BzD2?*WF㘼mr=ocZ/"l|~'l<^\JwV~K=˧|Ƚg.rpWRc%39R)bh::p
+a4tT&\lT*e%"+.$w9*")Tw')WRwWZZC9G2*FOx9z)9HQRC+pRM}?T>3N4eſޥ4W~ʣDEOG2:Vr&nRnef**MZܬ#KyŲTMW<Qh4brw8	*'+k|nHWfDv%nJ/_r@x'T!Sތ]peXb9R&Nc2&W-J0
(!)WXS1򇑯HgWvp"
Tl/efcnxH_"5N9/x<P\(=,ez	ʾ%xTYMu7QJ(vh&)y󘲴
/tߏ+[#xByLyu
T2r7f29|kJR<S1yFIe`r_<.ų4et?27E28,c[J&*,zkJ,XF
Nmx]Q=SP̞~-C!-儫s2o3J{1WW<r_
QOΑQ29r(	Ui7I̦NPMpXDL߬ G=FdwXxWQ\i잉qfب'kʱPAH\QG}HVa}KSX\;r|g_HyRQ(1+,3>UFNW*5Xk2SϕɾV$*/[xKU!UP6R&Vc땷#AY=f%Zjݨeݤ|9o2ZТGay.	p+$2ѪFgQSyYw91+CCP6E!bFڔMhW OԜVY	?EL*=d3z	Ο*mʑJ'οS$IFx{em{!v+3(ʫ?* *m)R0O}~nT4O)STRqX?tUn$r?pLI	%2=xjS%*qR9m)fm~WiglTm3䷝8/"v	VavQy.(UPǨJ\%na'T}$2Pi=B=HTtTmW*U;|謎C?6}Mm0sfPGZ.wAOu1k[$)jed'V+]FSf#\g?N=+CZI魎$¯WpQ'j`&nT'&յjqk&/qfkяc3e=ےqXj^oV1@W;DCAn*v	C0jܡ~
QoTaz	s)K>웉\*ܭ6pW O[{U>5i䫯Tu/MRO3>GN,G:A1jNBuǋxHL6(R7Q_S;lx__#:GFdz(阨r.Q1IZo"I(ix\WLcxRum<g2Q[W`:72OISzQ/%oLU3<<NfGgovw9~~<_=Tq^RR0Sm0^V+jT毩YQ;QR{:cRZwf(r>D3sx"~.9W8z5nQT=YJT-o/]Me	C.ɷ(Դ<E}ȁwܘQpy;ijO:H<\pXƺ`Z[Y&C#ٗ&J.>V-?QwSuTSCIXVG2<u2Ζ5.XΧUujj3uV[4dlTG`7\wz;lQ=lQ$ԧ&SѪjlx^>u_{
|$ՃS9sP=OA:#vuY=l0*dDU;z=猫rNalSۙ4PkS^[u_1Vإ߫ݙحJaY``:oSq[ꇱIB2pHK}Aw:
	cxQJï^w=1u?q	x7Xt&NzqJ|	PO#?TQMF,Y.q[ڇ1GKW73^PzorV7^&m"-3^uekTUT\fM]GGmS'q֕6&b3]5M;*NFwSΐ󓵖hzj'^d2O&
q2}IHծa֮±J\Aϕł譭'תc+]ۖ>57h3"KǶFm??It!S;WچG_~`kvdk?ztw mL(j9B:cV߃۴<T|x;zr4͛;FP?@NKk-ՎSݭ폨y[pҗ5izCkgd<gTGkB(ЂHj*1{Q}DFzH!ki*㴟㬣b5xX2ڏp,0QwF~!KLbf1^+8sQ'\W-ʴ"If0Ҏ˵,zZ-n^L6sz1Uߋ
׋gߣ5ubxN{jm6+1Z>x*OyxI{ŷ3n^֎FME5oƫZaMLF65gY_k7Vkj_m5xC[־uZ&4-m{ri;ZAinD(J,k7Y(ӡrrhڢ`tM-mktS<8Zq4ZC0ƻyk9WcvQUo:jOHkCCPQ/zxKT.j˵t|ȬGM-k39dSOH.Vj_9Ti%j|}H-Z؅/XAR[z\܆t(|rc=`5W)hֲZ~ coMfg4KhѼn[Upi}ݚAv]p<@|_|Ypj;6'#]`RDy(gbZx=:$\:p?uα;4)TokyإMcO^^[sjrt}N^TEدMV‖;ׂ8=!rf;~֒~ZkZkqc~K516ޓߴpR}&UC{1<ͽǟotg;8m85&jW?o j6i#ބK	.?uǥ
\RwW%T\qXGJ$^Nz$֌:Е3C7=;$z
tk{=cyzk^CDZt\ypRu'oGߪAo]vuYރ>Ο7FOMz27@_Wd,}"O)F9l}{{2\IE~=PA4ܪHW5X?L~[ܦc3uw0}mk1w0>\.uSrzw;"Sܫoϓ`$~/](bȋzn@271qhG>]~5W|LC#qC0^_;POK4#lL[liƎS`czc"XqFu`y/ē(<E<\_ކzx O3_a23h6p*ImxV]iaL׺K43x]J_"b{lCw^䘄t) a>?/xEև0JB3w}vg^ׯZe<0[ʿo~&t/ᘅs'u=~"	(z?^ˮvh4}]9WЏQ̲8D`s{4k
}pxW"S0_j{Y<F}=,GaqxuU@EDK:ezZ<z>7dI&J~"rU
=nħ䨕>Jjg:'X!6Зz$|Dclm:}z}?YA5|Zl"$'fyb]'6a0cn}d;ļxxgT>F~}T@=yhӿEE !=UލF
D2sLǴEB7mcuv=UzQr^NKo|fї?r{'Kد3?oSpP?[C3?,_8.Qjk	z~#I}#|JDoDQN}yѰqF_Z`.b/zrS9牟mѻ_`{q_C*eFW"s!F0r*Ѹz*P;|6*DW#݌"d]@w{(=%H66
zwgblF^:	w:#-X4c&1<|Q/Aen0"8Jor'ML
5٨b2Egq? X؞cM&h\ 2q1}gCnn3j-P}n7Ntkrzxѵ5Í#zw5ma#kn7{E3=UX^2}x=~05(c
#qZnm!W<htM)RB~XD=2ε3dc5b<YbcR<lL#'t/G{	&SPbcc>:R+ǍJ9F̾+SƸD!ʍvLu*5؞3Fc SeTgſbluMt9~fZ+Pi<J%z^T^h<ui)W /sk
fT*ǽx͈jȍыZCՁ.xLA1_5-70fLaƕzcv"x;;Y11Ó΅jlb4R7f+ƗNfh32pi3y+R9w]	r7Dx8|CXhOcq'Oظ?֎(kj	a{]F$rݐn_.>3w1swWR90/ǧ\ōFlx\sc;H
4^TcǙX'+cd#<7;5|3k6F7H&6oIl6h1>Nf-vgFc&KxH,?@o$Z7f<_vc>2c9n1_DYQB|!ѥn36BaW`8nwF%{.]u_ų{*Įn{T5nC{*?Qo8ٺGqiįƭƚ=]q^7iLyʨg'c0^\*?M8Y#UD6S;ghэj|3\LĬHzKMkqrsjt4ѧ_i.[ʜDNGgsU ]j~.F7 >Ifiw@03;l..GOC5HᜫqNsw`R)\kvf_3#R6u_כ+YT8}T7fGFZd"l_8ϩk0wkm`6*q;\fp).*[t"͞L1{6s
py;u8)!>{y!\af׋s92;Q0ߊ#|:nʋ˜DŸz䛷1#cI߬bٛ M]1aAsKcL|?f_(bVcѝ棁(6xas-%O0{=ԣĬ%c#ynRsj<a>CSf<*<eNlBv{5&Z`xS^<cn`9x5tLS0\K~<|*JSLK:^`.RQUxlcٓlYH+f<jSfKE)0zKEy4|4aNc&W\!6c.Xz(ʀdʮ&(D@DjhPP'&q˼ʻ7sMo<FoΈ_fBgQ,`hF.~σ9:L,2 -X+<fˋefkp9b|gV#rcY*|)xXin^eT|Ʒsɝ/͞5om9Xqbasn47^ng |la7l1-DD62gʆ\ɳL]4_&D%n!s5x,RٟĸJgfo ͱll2<|2ߚsӿ3r] {OnKoVq?i\H^>s;͏2qOf <
A,?Q@Hab~8K5G͓)8fMÓ?̝0'͎\Jf;iӦӼ8cOY3_2W*68ge1A9o^韏fuԿ/ϪQvyXGëq2Lt.>&^aIGGk0X2V
.Mʎ填%ͺ3'YfygzXV#tFbI~53X3jڹh_gmJEЛ;܅뭍t֌iYɰxRqvȴlp=n4o)~B}VkU2W:nj/xd]4p+ϵi!VonZw÷[ٸZc5íx*b+Vz*{`k罌mގT!
`ճ5[^"ND5m7Sc) 9Vk	󦢈wN`Ձ`65j1p[Qx;,k}Tţ֣֥TV%o!&Ycq<fQjdgGz1g$S<@3;1Z;BbM#K?yj}I-QauKY6W6Y§0ݺy
OcUIGAcR*4Vv!̴V[3QmJ«Vvy1˺,^-G&PVoX٣/ߴ~5-`X#y귭Ss8!Xx.Zꩁd	AֹpZ&zNG*0yEa[^8֍.h~&rYȓX9GZIo$gM$-`4Zy}k6O:@\lu&pە̚Ȫ\n=@5YQdU?f0XYq%j43kksj Vs?)ZuQ[s.XS᯵_YG]IXgm'c%s6X2y:ITm}Gh&L%?	ͬkuk_8.k͚V$b൞?Dvg+A$#'BuJ;d ̙DAQk$Ӹu'gb%ۭVzzvdT|w#d첺yG{`4+dM`uGΓ0Y3KT2w?Y]8h]N!k!uϖX_T
n_Q}|h0[1oNm&7kSd0N2i8ek'R񇵴-?E897ᬕ뿭爮zc[a?kEdwĖd؊ǍK5̞D~"nr[
qNpt'!`$]mEjnB7g8Id'шwddLlzsЋ3!ŞKο5vN|(R핮^l=ivj^o_oG=$n0zvK7vo3iB_{v7?g_V!+Su1^m-DڋIً5Վ0=CplP,3x=9\;ȱyNN~x2Pq9,knH=F<;\kB-t@'K<oJeTh[#Bƃv_O"l)QyxȞ]كoOd+Q>lWwf\h%HO1&C5xR{v7t<A$^7ǧNvM[}ܛ)vOG0^w5s0H-=ݞN}/{~ZJ{\ۃKp(nDˋ/0Ӿ=:W0?"W
0F۝yfb[Lxy߅`w1oEk0QQob<J8Ѿ[7ʌ^){Ub
T5;5'"`=Ng,{o&l"7[{.ƻǞxn֔F;\eXhDUvZs/%-KSt@xơXJ܃1٭CdF}lO!~>ߤ_[ao~8+dU|~9>~Ψjb=/:kv2ʮ[grhfT=M>o(fb(Z8}upy{|lZKCav2[yۛؿv}]8Yv^"d7##bOMd jAv٫qv
VRvGj"3|k_C.7I\t!Kb
~~RǶ'3~О6p~g{+/-`GBj_%j8a'r	Gk#~"qa_`ufuOwؗKq.d[Zxۇ}3_$:3=8.N[ťX-.sl#\W8Ǖmq3:6RtvSytuj!9ԓIΐP;eQ\.Gs(==#mLՎHnZHu3^|D~#;uf\DS>Nx%npLBs.Z79?f:_ҿuD&f̈73X@6* V-oc7!Nw9ns9Cڷ;G]5y9uN9M0ܙLwS@Nt:N{PO9;|>pXE>W\εTS;cqbm<cMvjǉUA(qf:cծuxyq:Nةz	Gx]\@Ӊzfs1gUq);Wy/	GAS?'e`/wʙ)W=v/b8#-ܛ؆
'm
u>l+4'txΉVa3ΖH.wB$/	PiċxɩT/;}k
w@5U'חלSqm,ug7T=f3^dMF5%a3-ф],u2cP!87Ct 9_AvuUqk*tgR"ÙY.hMdV>%48B0ۉw˸άN9ڪ9@?v;bn,t
9Өs*>p&`(;RgύeΧζt|ۅ&9||s=
g':5X<*g9c1;7]?| _8K~Z5Yb`/<_̪_Hlv233VWtO8Snv֢ɧħ,y\zqFuQQ0;srBtGGͩYX2u)Gu"cV_#DE8):葷9/Yp#dMķ|9\KN)Z^=8P/<<uaJG8O'd cCΡx~vF2plY#BsG7e8<>p6Е<蝀N}@)g/aW`Oi's81p9_N;|ssėΝm<r̡2_A	4|?4piT\֐܋oR\0avtlx,ze?a?;fwst]n26Ŋѭ9IM0*GCW:<BlhՐX[a Tj716ܛ8,W!"t=v^pgk-NOC?Onhn0$76J⦆Rd6<Mm_>GVûP.GDXo"2eV˴VXjLXVI12Պ2ɜ܏LJ9gq;HR2yuzݯϹs}عO#2,kVnKWg2-kh-r]0-C9?OcCΜ냸2=	[ZYSٖiɤǆ[>'α؝SDL ZC2-eȳyG,'0	Ze3{(o|Lhgc`e cZ`9ٲ:
-7	-dn--AL!Mt#2Lݍx²ڙ)F<ec7Fr:"ce[SvL`tt%a	5sle?3vXvawlK_>if̱Ggf\vt#oge-cRSnC,Cix7ZW#܀uGQa9I&e*gWx=|"̫ԼYwa6|-wF𺥻g	9Xji2	T16<ryvjǾLn+JKw{j,wwɨ-&9\*K}=t)x"`SYk-Gzڿ,b	!X'CW mYeX-]P,@e-T@\ALka1}2O@[bϲ-?,w;gY%g.>
N&˲|dFk7[6aeǖel6(O,YY-dYM@0;X𩥃<d%g\ebeg!<,_97G_[q5[=vK_z8x-FL!+v3:lwq7ǜG%؇6K,!`Ձe$#lO ³/BrZ&b-]X[f|(A{KY;qLD-٬#O-wzqb߇_8fNneRK~\$r_f<ĉegg-E,jf#8-DFn_?,;^\i^K_MˢUb䴗-2g9B WhBK?T?iȮsw_#t~]y>c&7:7$t8a6'ОG뢗0/	<g9)QE2(v&y`_$x$,d'
T"ۚ>[.	B]pa0H`$`PŞ~pDpNw	}}ې!L1HPܵ[CN)G]{,cU"
%4Sqwu6d&Ba6-DB6
Z"xHXe7i@p#zc9|BgF	5dˏCң-Q?+ڄ!,t߄B48yYW<9L<~O393Nœ_6L	(^4%)"t^d` šXHgg
{&3/Ft~Kl-8(/b=rRs~N6byeT</(ycpapEG5^R~+xg"^..a;1RABxMY~Pђłuaf[#iR(˄]UxOe`93j 
aY4+iI!jDVB2ɷnĊZa9rN~mKj3z05]IxWגA0"utXdg$@>+	9"LCupc<4)]Ǿo/gLΑ0h0h6Fakb{tplQ('a>9ۇd%h	'3[$#*l6aY'B	Ԗ&a|sUrτFj\8ۖ]Bᢽ_
Kn<_	9?oEp.e];XGqhS'Kt1R'_>̨	heMVNam
mD~`2d9"B'QI^a3UEOT7BauV.wpF{<8{؉~M`7EPM,Y8Qaq C8E0șBU	a'eN	ȔNS[>S
]Zsp~o@>Wܥ ^߅C8_)B.}I9R3/ae1b\iN#d_ޛ=S?1*Q
bgH8EU|ԕkŕI&V?׉ZKg~fǲĉgYAOz'X<E/t0Q!A|Ο>bgn(>_;	+ږ$/D?Q-Z{xEӌ1[[*Gne"U\*H_:Z Mll2PCƉ)]I&v'wIbnN1=8i+z8"Pq ',>Z^őfduNic#Ό8AqZp!rz<$B<,vg!O|YbwΕ~%~\GMPZ+0F̥⟬q '('0q%#Z1^<%c\(ۗ`+b}	SĿ<)k1UEJ_%чxJHT.fGtO;fgZP,6b\ҁzo7f<2f_0ʥ"Xsľ*<+sٜa2q$Qyx;(gy9įX(j_{G8q=tWWŨS^*VFEph,x]sK<,#<To\KFxkjӭ?%sxSl	-q+;Z*ۼUA=EՓwDxF|}Ck'2Q!`Do{%(g1x(JvgM\V].C<5f6mvK6IĖfWMxr?bv5;1'Pڵ	\l㱅UYŉ
lkK8vqi$M!T*wsGڊ>/EOh	vNS_#Ghc|y}{ig:Bzf">7YXl/WkOU)Ew;`^U#(>`#_d{`ZK^j7Ow࠘ObC;8 iKÏExcIT%Y\QEl1l;
8N*꜀N0pS̮8fF%s)gK8'7Zi.q9?QٸIş].ks&1L2.3g}?2	~Hȁ&NH}9G_-%zq4S.ҒHJȣM*\uRsKUtv'ܙAja)"ˍ^#&-v$GJʍN\$JI4$,G_}r$נƓW8%K]Y/[ɯRgqUNm]DJgB)]T24&@i?=|4Ӫ)g=%!-%$}I[xdJ{Jde4r!;dQs
rK]=qȖv811\g G:O4{@go2r%ІxXE$LH{<샣x4<"yݓ0Z4FX1R:yTzbԝ,nm-c	i&H71Q2'Id	V@W2HI%Ti?EԜi0hCK[9<-u!˚QLMLz؋gQB`Tl$r9ܽ J̕di'NC=祽(n,F6/Hc!\<B$j@=P
BO
ʽ5ha1sBNDZRƮˤi{r)jـRR:25Nś%Pj)6RUs4ꤥxn|ÿ=k.VJ!CN;`qW@`UA7 1oA*O:UKI>Eҍ0|PM7Կ,l'oI%K[R(}iEp>Ui$͎LGO6KsEzc扊җ%ƽ*vr MS!t)1;R|&zk[]Rk%8q&|%7fF$zg45ZR1]pIpK;'i;WZʅh0Ҵhڤj"iҘA);e7"DIJk#Y+c4-RH]8 -V[/\|'d9({ik	QnB@^H\}0~~r$g<Qi7t2IVOpWBfHNIiiy	gjZA2,VJVE(e}]y!͢n' &U0C.3NobB#9W z;z8?2|Wɭ t~KngE>ʷquɛ8_/.C Nrm= *^eO%#Zr_Cu5R((p5<Y$y 9^?,,؟EJNJJ%M~M[E &rF(jG'T;dx!wva;rw˽r3==	{p˥"PYn)dk~yYYv<^rC99σGre;/lj';}1Bbg|zhCpR]
1F6`|{uL<*o(_'1VOysv쌓(0Y>#"nrSdnEƕMxwcN<͕Q̘&b&e<D~9B1Kx6e"J
̑;gecO"{'OpLsӜaˇ5(,/O-τ"%_
g^Eb+IJ9gUNkC1X,^kt<ZT.`J>^7J,?az*5+ۦFMo1ǒQK6"{\j/ew\I$Y+빻u8v|kh!yo4Dy'q^sVy<SUn$AmY/Cͅ)og1{^sAQ~A({\󾬑4+Mr'>*6qZ|$?КP-I"Ǵ[-&vG*hd%s񩼊wuL&sy+h_жf|)-w9qkz`<w.@dpg^KpWgr-<W~'^>U6yY(fnRO|k7aN *b/O\/:ـr@<I]Nvq{()d>}\?#܍#(W#~y/g޿Gkc qZ_iaNq8IpJ2ij+zXYy'(K3yyTx'.̱L!/k#'Kviz/Yl[8sI=܂5ONcg(_eI?	XyŚN:{,Zv:>ֵ|>$k<3⭳"eB%m.g>37Z?甔hVE}?yd]D?k:;2$$[-c9bsv źSݡlf}0|d2ۭB^Y46z<]~wZh+]\k/ ^gZhK=Ml}zu`C;ȲfFquy [m˕a4O[K9xm0fqJ0AY,띜GZ3f)xĚAOcnbkt0:&Box>ىǭ%ou`5@:Z$4bUV	~Z)֛İn}E֊i֧)?x<m=.ko5im3֖\XEN1ۺe7JG0}ZǑe,s͜Y[(*n[81+pVoXٯց"hїQo9*$lm K|yJm^e5fi1oyיӱKXFKQ<֞rfféXJk	uo2'WvZw޶^Ϯ1ůBu;̊la]FkY)[PSd`Uv`aAv!|H!ZP, 4ƫ:imv3:xe`#}NޣW}z5F^B|hmwa+k#Ip;=
"ȨZ[f'<Bln	aﰺ܍Ժ9Ӻ5@o-dGO5b5?8	_*K7D̄]:-؆՜cAb.:yU[\%pMPExN>Zw0x;Zy!3#lODR:γ#*Do'Y}q4aZ??RX?Qg@G"ZwrYhV[-	kZ8'2a7<M,4 s֔kNa)\5ZMEai
$[˺7h fuLK룬+\ÿ3:')1R]P-VpҼFC4tU2*[uSƴluJ':SFtl SSMW:K`o@oeEk":g;(78vF%"|2ʹ7)Dʴ$$s}Kq]dW!+giE9鞄eKB)iنەp9(-'0P)eO(VΏw*KeUd)S͸[YATܣX93ޫ`C$/xYAGSp:[padp:+vrɞQdM*rUz2RNy2-؄< ~mnHk0񈲌LfdRJ|AҏQe2huCF71Ftx1^C=AIaS$[&&+;'a4LQ3$Oьi-Y/xmxb5i%DDA"(V^q`&3H%ʇY1[9H@r'kp˝gP2oqxN)'SP1
RB̜l,PR"xA9NBt/*d_R
-H%^aeJ')}:1㱘L'7[<R$,ceJYzC	b93٘̴4d֥F>y9Cg|kPKome5=B#KE?"׻Io52^gcVˆ\
BV]^N(J
KUsה?YЕZK`(0LM)`>Wr<F.4(}Y)7ry_F%eyd:>T26Q|Dr+AlQR2+Ig:)䷟(gZc(q +e|F𹲂.eb_(qRnx|xBEZ݅ff#(}i+%Q6TJ<pq-p+Rxz>xa
|:
ZAl)g۲WFP4#c)jJ'&^%smدl$;;p-RT\=2@GGY;?12W2_X2)OE+J;We	eCx<N*6c&Yrp\%8GoMYmyo$hx̋w yg$H2SVv2ʫo/e0[pE_P1cԕNW_:\>io<Qu^תAtSw0ש	]^=܉j&1Eݓ^Ij0\^jg
,BW:ѕvw6ܤ~іꤖL$:ԡ8g됬L_⿈[͜Sԧ[T?jWiIݼw*j.f7Smr:-x 1V sGV)=vzV;!G:9 8HWGۑajaڛ\+G}:JWs s#}xX]<֣؛0RX|~\<W`ga:'2ꫜ
Upf^D XAd׏!N	<"Dh'&阬Nv	j)jOȊ!r"ֈi<zR1]MW83Jb5J?S}9gua:WjJ~vg2U8=pԗ(Sx^uGc:l\-cp.2zvԿP/2+H*0^S{FcG|X~wJ"RmX~G`VW7q^^bxSK[)Wjqx1J*3rk'	@x4a%bZBkU_b]Uu'5 0Ks Ր4dXi-ʌʂ	C=魇nM5ӒRl`rQH\mP_sl{j64ىDMꗡ
|Dـͪ-jQ*=)ȴ?QdޮDФ./mvOQ;v~oqs]1W:Kٵ[3_\ZlV*;s{<jZ;KT7p]|M2wi@+WFM]GW{2PZRw_>uQqVFv5~ZoTPCUoe;u+	)3:_CIaq~P'U~Tz>?	g2Uϴ1u{GW*޹'oN83qZήzFvgUs\o|
??Z~b?MEԿt+2b]e5{ѬWZbȿVfڠi*hdYWk\袉mU{,Zmd4ݴ"=p6<X1wzh9w#Nʸߠ{S9x?4[$p\Q+C6!7ix둤FO{Yx/"YF,ܢ;Oҝ[dܦ}O^Jͅ]z1@ӴQHwh/t-N_]\߇k:<Lm(=Z#js"LC	,Ղ|di=]^ܧ#*ޯ51fkaV0<{pLG1Pl)i')xHoÔ|v֍SHm;Zmxb41/\ڠ\hjqZ	U?iC8?-xmOh&hcp`U\Lֶ_<k݂)$<I[0U1EZkӴ맴Hk<?gh{֣X%?]?UQiYYlmѣT[m_Ƴڲ_^r2ymKP%k!Z1yVN6@l߂,<!x7*w8!9;_;̩RچW}іE<t,֒k]X#CXuaЖ*wq\&TkğOm'RjGojmoџFxrYUڟv/oVkdnhcjOpvXm	V^[w@h"uBO	D+N kCj$@Tv%06޽^S3yMk_ln!oGA=j6WF^b5PŬۤW#mw
wh?z16[x6m+h2lמIJx6/Ng>{s m+'/snmmpJqڊTF`d8^6xԎ1".Ƣ	nMãV
اuAV݂6)/#@rԜamy|CD=bc\ы#o;ږڰ38Xaf9e-d>xmZ8|Tкh	D^kfǵ\O2~ժ8湂Oiw*8y|qHߴoKSpA]{*?-qQ9P?yj\gA/_Z{b̽f\f>DFC)_m}=l\\73 =z1tџ䣫~_Kջ*MOpqҝ/lW# nЏ߷W"^_Mҿ<[*G>ݳQ,Q_y&n$ȥospp{Qsڪp>m)oRyz{ if.d\wS?&]db>}n
2c	}O5>pw'#[ډa:v<B>jx@_ƊxPA^w!=a><} #H;|}^2FBz=ktat<ωTbwF)10u{1^H>A_Dk&[ɺ-'(0EIC6UkrLӏO>_f%N5=P(Ճw3YO#J9٘X_qmjƳso;ӫgyL܂y
t>)>}yO^a{IzBk_xEJ=-,UfZ;^o`Ռz5#}*OTcbtxC/'^Nz]J=Lքy^I*o@T\_dxG_l/zۚV,@k'{â7pݜqDt&"$Xl%zu
T՝MvA{]0sP^Jlo3"Go}X5@oAlҗ}]E(	دrD.ZzY&=;*G)>v_ڄ|we.ob|n]9Qf"C	06+D1 ćl|'!n$«p_HVVJ=G̺2X;ͧbg",m@	QbBgN`Y4`5[i=cEoA=;{BVu
~`$GVJ&'f?3U~uou]׻_Of~B>ӄSzwG6N3u.҇e8y&Vg"z.]Z^ItI홎^ߍz>vVZ+z?RO
g u1S)3pQ[!/uȍõF}p3q16ZYocqtq_[z#{k8"˷}X:DodF_cIS71ƘoF3o3FxҐjOv`dK3fG.`4tZ^;%+i0t3ȰR3䓙ϡ6c\>beu/}{ݻmx83G7a?|9o4<`,A0OGoHc|c^4FG1^ckx5X` >?}gQQcW.7`1cvL4&x0݆%O/y.`
e4g7j\%+1xSGByNi3M(܂F3	Г'CefYoK=ǘVgyvsڮ9J2/yWQb|s)X`d/,4:HUxV?2-\W䕌j̋5/vn4v$]jH:PeFo8T#
VQcx$|lF-/ưy.u̽%XͪwE1MVָ.8 8.#?E}$c%'w PNnH]0b}odcNVFy5xۇ|ih΋}h<M8r#zyCgE$ی;?NۍxK,lSx;3>3ZY..cX@)KNn|egkcl؍-qp	VZp.Emf6wk쥇}\RO~(F盄 +!c~O5!b4: JK2ט>cP8N[╊8H/{<!cX$b`4ى N(G2g=lf/Fr:Z7:Ȅ.qnI)zE8c$9k|NqE8ohn0]OW|`9*ĨY/'7O6\!U_O/].ˮ2GEӫ.3ט[2Oqּ:n_dיtl磻}0g2g;zNٖ$2"zs"H0zD7}r$ha?QqݵɦoV{s k!ŴVsg4n3wˑj>Gt٥5	̟8_bs߬4sٸˬq  /wd|cFù[ݑ!P,}P7G2͢`3M$7%"[99Asd<l>H~gctFYFUO6FOss
FZǘ	mk<R_qqj+4'13oɌ7E̻0RI<d߈'bN$?S:gծvL3W)sL&zi,1v٫I"L33IO1<.F)ubO_~#A5Ey<{ef{07$f7K#KPn`4^0ua!̮Mx
C#^f+f__:*DNj|Ãy]EXl-ex.,1Xj:˸^*fv7Qw9%զ˽+N+Ev7͚h2{TԚˣxgl*3ۇ:Vőrcb~1.߉fV֙ٹ,<c53_= xfnB;aڬHF`=UQs)Ll*l4`LW8,o^HЬ'dvqGOll\{[M_m:ǑօnvuF3S~Z|t|ntz?Ǘ4g}l%k4bٿ5v;a
x(6c~J^3F3ef>G#fyo0
ask$Dh[ zr/e1K?o-p7ToͲ`|gZe!#?+#gGL>Sc\3[Ãn/q\N$9a;l>漀S h6P?g)p||76fN4	hh]Gi^=K|Qs3'Gyę8ctEgG-D8Jpmbjb+6sZ[=la{1-z[1m~=l⸞loOA&WrbWM&C7چ8w!vوl^LdlUjlՉOqOV[(J=qf S[-^NwжxfF;pM"˶?Є[{ l"Gp7ӑi=Ԁ{l$k{STO
6K1+ekpP#m
b-9|f=`Оm'*rmκ*,<J#l	i{oݎQxVh7dcX۟%lϵfQ[<87<Xxܶ]1֓3;l>QL}bKb<ikSmۋhhL-)7鶳6w43l$tiK?<cNyfy/`c
JmD9ԦY[r	sm&<gda816y[dm
خۆ}XH
"lK6_
/ePWlPi[<Wm?fC&cmyvǋe]dUFޠ֗hU<Kj3-3z<K"ަXEQGro;Km洕][̟׋POksnO!j^$ۆm?3[yz^"sxO
t[+mL`l]	Xo[JvgK26lr.o1X篂^{#(W:'w$kl'	:wX:ߍ=F{z&#. OqC,˻=c#Ɋ)Ћc&:n'4cc}HM&^g/e>bwcw%`-yNw,*lCZ,śt;(w"=6ʛ;cc~WQ$aPw2iIf&s{c}؃)Uc(ebOx	d:ukX?c3p lFnlsp=iyN1";#c;oT[G(0$cLY36Kp=ʕ:=A{
c]|X{<֝>lL;11I2D,;ľVX7Sc"ǴX%u؈<̊[X7Z[sbV.̎^P@:'lgc]G07v#yn+(I~x>6Б1dǾaA'b0,Pc%R,{*brlX 2}q^maD^m|K'ZL)e,LRSeO*'}@rjFsVp%+y5yx3=bRdbo:YĪX-=YG=۰rމuɚVNNkc뽻Pޚu\)+ oDޙ+c7X/( jX{0c$x=)۰}!)uG=Ix֢+AUajfO-|6s=[cwEA|Bi`{Mu~X0v,V݄cuVuͤͻcM<W9Գ3u/'V9cw:[N:g퍝/v5ܽ+ǎs $ǣ,BwF$Mh<-ˊk¾X7'}Cm7}cp06=Ow?{jmmmmmmmu&"""""bD1FD#N1""""1>q{\:yy=[眣ǌ~N _6s4c!{Oı{>7t1qv[F|GSd)?f|ǌρN{aÏd~:vk昛kgЩ1㳺3cFn?G' G1YeOb.%8~lP:v˿M1?ÿNe#l6S^%{Mm䐩2rtk˨5:^!2q1¤q5¬q~7UӸ
^A6 ½#brzAdyURo5IXN1.1˼.3[^ 
k9irLX3)/{
A<^/pX0s>y	uA7Plv۬R{bM=b? vn]EƓc8gLv	3^hl:8oEqfKEa/2#a<MXtL0FMQLa
$6M`- 2Hn5-$&cnM}>ɴ1'O6)&5Dj:<TA晪Mwg%MgɳLC;yyBkzxצVĘbcnKYJY.5f̘̘rcn+YʍY4fʘe17,sTs\kr17K17,7s,7sdRer17{
gn2ּÔLLKIi1	w
pt9j!?5%!?7H2al1{cd˴1'cdˌ17cd˜1cdqcdȖxr|oAߞ
okB۳apXeq-RZTj͠u2F^ˠ%ZculXQ-{nꍵaRuZ/&Р"&c\쵛R'/5hYkZ*Q_kR_<r-z6z#gr6|5<-|59\tc:0_2	|z 'ނP>*b
A=5?J?	6
8T o7km;w:}BHO	,ԕ̬%9(^ۍܛX!7qB=t<Y HOq,xz&	<1DHw&#YPSX*wcUaqCǱB9B(V
V	=H#Zub6]VH:
d}ea=u6:oPC{]E*ȃ(&2d,Da;,қd/B6iv'<r'58Ǎ\!>SI&DckNgkΠNBSL,( 'p6[pȜP0sv8t s.Q",2>eQ\"$9QJNRaÍ˄%9.3+YiÕaW	'vB*5rg5*%q<T
i\/6>eI7iMJ HLߎ[;Q-FG@WA.)pqҝ]d>&pGjƽpt=SUn4uҩChVx0ٍGMB'Ux}H8Gna@왂=ҁy<%,¡A%w!jx7%및sBQ</XFBf /
*%,gm%xEuU۹B@^>׹qoxSI;ZBaE^#JSs=!YDW
s@8+[Ev#a5+CVW
"E/wh4#z>̓LdNv-,#,gF= ,L;H7	J$~!0JXXއOI0&*|F=yq!w{k𕰀jB0k|#O
e2M;F
L	}Å}iAXJj5\?	V8;ʬ~VHsfW,oBӍ9!و߅D?8es/4OdS6BǅXdٝ6xmnedE{?|LO|w8'bP	\ہى W?Ѝ1yb<|CE4XİLD!X Zzv"JفhjĈz'&Y(F1ǋfVy	bVObDF$1OvйKծ$sIX*F`vp)b`&ưBjEJquHqy[s.`+cY,֋Q}@@-h$$c' 譇".pCDt3><tѯ?	61F]">b{w`Ǫ|{F)c+Ym?I6A$!q)bcr0ݧR41Յ<1Qt11]|1ʓ30Vg揋P rgƷm#<7ŭ+n<"~=N\ r)}H\(
d'.	/]*gp-A˩q;r17W6\E`F&gp+ z;pYJ:pǙNUQྻ܁*1b8-b"wY5|ʫp굆})CAύ;Kq9]ow=b$:чݽlm}6bbbĕ}2z 11<$k?,94ţtQfY؏Enq1b*rS왊D<rq3ϊK\G]<>5h@'/hSxm^D{+d^%N5Ozo3orY8>xKLpbW2:$QÙ]1UN1{b<wفـ%]d%>"q׎zzxUz
3sp8DlpO5\OM <'0ڏArC1L?#S8,.?#blFŤv|,.fT/g8p|NFm_Jf1!&5#j3k$ķBN|'.vb~bӼj?D݁qۆ12V̊I*.$7l̉<;<$wYb_̄O0O1f	0IIL<dzRab:#EW'j3 ܉@2T 2҂=!#=&C:\)rRH-G-E_
;28)q,$'/?FdASxF3R)ìuh2)S)ldK
ɧ7sdV3H@̽X>UH'ӱN֑SȐX/gA
a-H<D~2u7)q@I>}Jf]l46J}I2&$Ssb3P' z[%cQ#~.Kf'Cdɛ{ȕJ4ɇ<Ocu˕yU|){LL}=U6͞8z
ym4Ε\I(|q$)XןڄHϽKfw.KJ:\*3sLJc>\&=Gqgt:qG*)ܓj:ٸ@>ЎkI~娔|
p=u:n K%HDVJ2f{pH=%*mp	jn.y>@Op'L='[e}UGZW:ɏRIX]< %s/4HݓxPُh{;GhX>J1)5Z3uU9~&vK ɬo9n<-waŧd`/vw`d)sd'B&2/hz9dMJ
JvRk
uM< Ov<wQ˞;J}Ե8B|$epЗni}_zdZCd14\$ٚi8N`N4$0uF&p¨921u+>!C0FS)G܏Sg8u'$G9	_%LYo9|G])cz?	&#9$z?~![0+m)+Y$ANvK+N1rZk7	:LvW>HVoy\/u9/g@d'}CJ"E8Y'IjX@7DY=Lv":biF_}
tұHD]l=%ԌX*g^&o#r:;ԕXI&`~`i>0ղ]yk ]^?Z iCU ^^6\d:,$'֖(T9p4S*1'`#{rQ癲INFވ"ˎ2dNl%W)@ӌ$}P3NXI"Bϕz&p*9)q8dbgʫE<#\ۅsKϣ"Yw|l8Y\H?	6ЙfW.!Q*obtUqʨrZ\!odRNJyU=&O.&Kq'xr(	#͸}wwj9^B7ɑ|Ur,Ͳ|9гղ[ F`{4j]]d'jpVywi%/`VݤQ-hW3%qd1v~9( 盁H<$ثH2k&2xLNA,9&g'[hOی_Ӗ73#Gu(^2;{(ld9ZȝxǋZ&6e6YxwR7]kr('Sěd3x|t!\u<ޕ-$HOiC9gJH|$)zdcCV̇]gspPWIjp;5M]i A9CjtvaLa2GxU7Fځg*>;'1&'T%?NQys>';dF/ٿ_OV|M:;0IŷMKMϴ?P3e,OiqL_r̒6*/f<9ف%9yΧq☼݂Ͽ-7	nCIY鞀̊bFooe	N:|%z2I Ȟ9D16zB
q.A80YH2E *Ea:R#N܍d6?	ԍHTvb0$I,V"'D#2%l)J.,'[B	<ҀThT{dRp(i/jŇL8]=Xt3WRd(өů;3Q	e6%QWC&(!P2hdՄN]bOb`wbUsYۏ-Jh<jl%wcَlҎJc')r%:,6%ɹi8UI;{,utrg(!U8SYYJg/9B%9c8Op/dVYwơ*p	G	~3.%ʆbRR>j\FvOB	;r|"5R9*0;oW+p]Aq-9(eJ4J}7d'qـ*rn&qنjes[>Pvpujq]*fqH&pم:eyC=YլP2x>6(ˉi<l4*"]Gﱉ U$V)'͊\qen%c OyxQQ)%ӊ/#^i<lq7Y%S=Sx+E[ϡi37hU"z2,^F8
YW	QFNurWoxr"K6YE|ĻJ&{'}ekd> +_.
u8lfD&Уlf$UbgS6dáxU3_	Oík.hƀŜvP1>3aELcDY00Êo(A=U,'J,O1*ٍN|NV҉q_-|t$9oI7SV|"S=zqaďd~"19Og%/J#䬲=_C#`~WVzNe@oeTgqL)qPbKJXO+N(BP_&5^Pzexq]f5縏³ؗN*$;)R"mVBQ}Uscl톅t"܏lFYh21*XRS{\ @"n,"[F0S]I$Xqc<Rس˩:Xj[kˑ1XMk'j:Zu=su
tW8Z@FBT3yKdSњ`U:'	بZؤjd&_ezY;=sMvb;n&FC'8EM:ϥ.ǩS\?y8]]
u#|>Lpu
T+OU9PHĹ	>("qc^fǅ.";QBbX٬\.UGqͼz?.W
_r߅+r\n4>eO&jr
רkXU5uj5dO6cߍ&uUl5ʝjUt6Q;p;8P#8rIǝ]cu4&pو:r/Um̈٨դ<@FO2$Sh4S#Q4w?JѩCj;[]6dj`	=ꢡA<W];(5=ezS#y>G:<u	sH5a$Ո#ch#Gi^Uѓv&8ccowI51Toķ,At.qxW֩fy:
OWC#qP]ȸ񁺔iRWs~!&Df'G¡zIEf[5C]ҍAՇm$97FtV͌?G0Jc.hi|j# 2BNsF
|k0>R3W}oYZcSIt|K;)Z|OrӼJƏc?*7fg	W)ì!~Ns+Ud)ş80W}K5;r$a|zif.xk~LG33ү%ß~; W)5\AlAoGfG(i1k~<#IX!RwlDqfDk>1oC,Y8ͯ53xͷ$Uf$:tb	u+~KymqF)r:)XAT9JW"dX3k~jXG't}N`=4[wBN'TN+Zg46O6i'd6i3,߳[5?O$if8a;96u'8E8\-qT:8M8GIм=nkfƇ36@(q;ЀBVsɽ8~4y1k)LEP&J4P.fQ\B(.%;q3422kbgT#"ӱC.՚55d*4\K]4̠R><fܠat;58H&4lZh+yRߪM[jCLvZ#C{N-/wikwkK_v^mik1MkY<%h"V4<mبE}X3~m#dLQ-{1m+OfM1~M[[JZk
 m;bf)kiM`uWSly<ا	\i<p-h=xA[9Em@+ZJy5MKj+Z(^okѽqxMKc~Ϳ{ M͛q(Z3Z w;Z'j]ԂGw=tO  >N|%|Ҷs/|	<=i=e1#V;W[*N2E\޷m#NMpjpY'e5MY3@fcPف!Zـd	F@V=SO-ޅ1-§Z}i#'s-Od5|I+2ZD_=fN|CZoŎ6|EsS$z|LkȞ f4?kqA-takM0Z<Z"<|cc8εT'7ل^K&k"G&0y0[c__:glG [D#A5J50j­"zXƢxBQgM]k@bU⬱҉C<8rH'D5}?K}HNRkPHZv`5b++jgZin*ك4H;V[La5pҭXKSbu5K.g#YD@vڡf]ןu-n]fMgaoMFu^l{cկ7YdFF#ۚ`IAX}XݟLS74RTk=љCوӭAZa'LkwYd
l(!wt5<zp>v\@Z/F	mڿRN!ʬKN\N'WXX[Cٸ:WQҍLk
k+usQIitʱnӁ4jlsrSp+pFVNnn{Qkc~r'u&]e=P8:}oc}碁:ZCxd'&5~u7%5<ƞ{lߏY#ߌ'K$=VSdX<Kg[u#7Z+^"YV/ߋgtBUhgZFvuJ5ox55xliC֎w3.ǙG'Q6cx Z7u	>{I|dctD79vspP>ಮ%95}< A̠߄k[q<ЄQ҉
YCy2~Jg>Ӏ|N|nLi?/9bϣUG5{7t0i=Y)r[7Dk9f8~O2?vBfb(+7lnN݊?ا	iڅc58nb'7W[k[[`E&	x;a&mуJO8T ݏ5f  r2GBkFg79B"tdXE$YrDяD4>GIBnհ:iB[Ezh>$MX/bg/BmT8JL!Er2+}'G5c(*GȈZ_JjBnaݴV`Y/`F/cF^vc<MFLd=u%C#O5}D<1mz+*V4tVz[t{v`h`tNdoao׃qȓ.N&NփpJ?W7zh5N͟#OGu:q,7_d"Q2nM=d2Tsu_Ed'e\@Xd>.C&Q.bޫ\BT杹Le2u@?+f\Eaفv\G3TN'AĈt]9dn$q6؎*ޓRLg\9U_6}T؅SpE-	I.ݟY.};wyGY{uܧ5^OIzS@j<GA와G2Ѥo`v;Ь6e]YݺUUÓ5=%x.O<r]3zh3<S70z^'Т;uz`&Z)ۘGGM_F.40v=x+r9(N)ś|G8y-}o*':tCuxGd:bG݊z6]d>c{3qE7Y襮@Z8s$C۝'k&ї0n !r8>8BW1W'1r>W32Gz|Nd3@g#Wzj&5lLk,wd{@cZwLG}B̰O~&YYΧRW7^Վ9]uNw]qrtR'[wWN17cW3N8N)e*lkeXY&3yTLMqǶϗ,4lDN!NB8rF6n@$z,.D{"ڦ3~ƐNĲqdO+m)$P!і_EԩHbI,mbYLKXv2,ӅH%cmcVQ!SXMkl6FtҎt汎zd-qbc@g'D $2(cF
Vm6݆69&2}j"SF} d$E8sCfd)ntON.id)8B!Nii8܍ڎL:VX!|x\q5M.b1b#"ƈ1FĈ1"":ucmc1y{]s9zsUy7ڙzd9һv'3Hqg餮\"T%ߴ+tunle\aJ4qr!U8W"6k\kJ	l`N3-4s*lܠ 7-|n2-	sHe'*RmEnZ=VaJNNlӚjRe-wlDr*iܫ5NR}p*Y<()Sd32BiZnUΧBd?!v&	 O"7Si4*e
ϘYYG)x0ϙfiFvW(6ŷ˦ 5U
v)u&R7GL'yx۴-:ӼdQN]SJ1ꕝgZ}9HiL'||(M4"}|c|JMOLQGԔ~f)VڷOSZ{9)LSToWeө1iH˔QN@yݦ;QNWV'_Mq0-]gr':jT9̗z(CE|e:_צ9F|k?!f3c޴ê)?̏GLi~62b:YӚ~՚"FMF!~SMQ]9*iuW.wpL&&ece]Ok)ʕkZK8QV9M8<#08FUoaynO!	lB=gfyFo:n֗ds'7a/!q̱-D*}GfNgcob9-k^ޞL,fyEkqfg{21-̑ۉ7m+a,fD9I|@4͓RYh4Eȶ&̡{KYlK"H6Om9RY2dRGX
J++UC9\{dyd%fݖQ#dOQTyl,a۱
2͋#an^a^шSA]++R}&9]6#wryI3]c5J,mHe9(99km%Wz8|sDyB-\h<YEZ6]]"q&<Keʱ\.s٨J=W=\J>ǹʜкZ6y\+k,ΜEml>n-()Ԛjnҝ2"r-
ʣmʩlUn4;f^sUm^^LTk^=ݼ-ܯRrʍS<$yؼҟBLϣz*̩<&P'nvWtyOSR4/3e'ϚWe9s\O
TvxAE9Fl%s3{s^*mfk2e277}<aޒE-#{y׌~zl=53*%4j.̇(wF>֮E' v|4^9>iQUhk|q+!:e8]K@m(=>9~sP{5L\+TN3|=X̐RE+fիsHS Q>~PNG3Gd?gsPg2#2_Tͯ2Q9o\Q0uYL!rmc<%&T/<̿DM2	]9т+,uGYa&Bw5㕷"`AH%ua)LLlKce&p&[hM,oo bo"weImInez4KDw41quLg%|abfZXe	jI$2u;-uѿ[@e&XYzILgeJ[,h&I2^"S,U]ll+d%Z}8wee]Xbڏdei{:=WZvXeDeVG6-3[dY#2c5ɖIɰqeIS-Qi)-'9njIӯiڌͲ+CnnbiүS2;eRw	^Kt_	YId[BWq%DϦ-s,wq%LwԙZۇ82_ٖiY&+s\Td9[[N{e~-S}Yfkg]d^Ŗ6Xft%c;bUe9&.eWA2M3UD=q'&˔|kZҟf
TYbԝ	l֓FH<M\nMܢr"Ų,KtnIzUZSM=%K[QWsrKd[V*)< xPLWyHe-(XV<jI׌Zǔ<.C	̓R߲Z})Q*e"HTF<U천aYƋPyYQJXtt7GxM9ץZr?{,u\۪R\;2wuz{r#TtZU#|LKjW
e9{0d?-z\,|rݽtXt㗱t.TZEeNYD,[~cLe@{YBs9Ơ%|a7ȗ<Y4s~eIka&,֜,eqgi/geZ0-|p-Iɲ-h%Wg
/3iz
?-ߖUcI)ςv?֍W߮_˪6+Y9vQBԽڇgl571j'
Ne5S'P@	ay=>&Zdܿpk`:aSa)GMLfҜcbff,Q	zVNՄ06<LTW֤:XzM&YgY,Y"$J' )lVXg URzXzir+t8IƐJk!OVDuv)zU2Y:UET2Lkm5cu#v댎T6p- ^LɲmDqr9+&G38T%2d=gZYgj瞣|s34Zcu~<Oe3u5zye>Z%Q/N$_9T7q5Fy>"p
T*kkWr6Y#U\#kV+qEnFtQ(5[gv'qr1EjRnNͣXzMq5I}1aNl]ʻ:+_8ǚ^*ۭfft.uU`7ZTfxxX&QnΣօTX|:	ube촆)yer3fePe9Y0yAy/Z#VeDxUnkהnEgZe+o^Mkh{o)mYOLʻ֩[zOY_yTYˇʽ4r>R%i|"14mS}+-iZiT/]y'hQMtD:B5(}_s/q@rÙ5Jg2UOdPu_m|i]Uǐur &71,kF[kxT;kﭧvsX~(5K?~QnWĞFF{M572?!}[Sn,/#-1fwYkT[L?	4]r 9ʸmUgֽ1^LO*L4tF$.,3EW3ȴw(Lt#2i2tόLXYLkZfɍĩRle9̙Xf3O撐{{Y;HbM,̌ؗ"CR4)\"eKeFR2gY\B֐9KO-uQV
Nʜ.sX#wp$#so*NNL҃Y`EXe&}6:_1v2l[UEdNSE_$3wrVW<ٙ;L\\yr#c\ +PS^E\@3yK27/ɗ.I\IlT2+~eWJ\I6sɵr3-\/"5n>
d*742vpVU)Vq[.zw(7qgn3Ӹ+si`-w+P"ӹGWW9U'5gNꫣTx@,s~?/)ό#[y4s
d	K+;2WllIYS5[>%+yZnRY*Ys}m;xAxQVRi%ieK9ojٿݙf}^ϴtRyrW3oHoJ2ҚVN]@2d.]e2d"r7|>M13d9kn)3jdNk9-%4˭\ؚ>̥zҵd>4=U;2״/tft
nLHse&jZ؟ߓCvw26pP&3 +LfLaPnz>zM|-|+	|'^ÙA.hm'~["1or'ueH;OipL3_Ur)S.^<U%K8PmĶX "U\Lr)	a0Q60IK'm!ȍDvn#RkRe-ѲW3MtU!7+{)[%ɣV92xU*<Blfi,HT%2ER,Va-AsimNKez()),:
#U+M[H9I9t8rlS8Udh,2U"Slk1z"WTr#nی<-x YR_J4]tKmjPLId,Uvplb*՜sFref׿zqrm+ y2l= Ds֧ef.Gh׬r,JH\Ur#WR6&MZ46|M	#l QPh9M[1l|[lZՖAmY1nqm۸CN[m2d	w&[)Q.=Iﵭh`<}ܼ_(V<hK̶F!ötr#rGmkt7V(XyܖnNi<i<NluYyږ{ҶTggd"ϪfyN0VjڥD/檿U+maw8/+'S#yEVhׯl3{+x]Vmj޴6oBm:jޱKk[zz9{8l|<ć4*Ƕ4GTħ2f]e<>U"7j3cl=}60the~p:e]2[F#[/D-K}ͫɀ3\ngfr1lltrZ3lѬmN7ڂ:8z \:3&~9w3luuÈȯGUqw36?f<1_r/c?ZqJc)`8th;pꝃTa*Cul"0ON-~t5ZY$#-'Xe1Ml*Db"e,Qr'TIc6fKuc*23{Rm,9*{l o,'Q6PHn&IXĈ޿da,d1/cJ6˥
c⁭rVd1&Vi7%XܒcξNVaj)SSڊ0vv̆}jtwX͈m]a$n$ᐣ8Q\F\na<r~,cٲӌlǓc7qbLc:Z#(gӵ7Vc[8ǘٶse)\C7ule>yFyT.6Sm0fwcӥ4aȞa.3&r# W鮔i`\-$G8Y0k:<\oײEnÍ:BMFznn6V(n1%j$vQ,͈ۍ ͐[0=45mS]F/Rb$WGylׯ}24MkƂ<`8uzPP&yXF&rQ0um1cfǍa^|OqiL)#uO!HgT)Y#UwW15猈6ưˠ-t{QPm%2i&vhyMA Zzji#x_)o\g6L]#LL{2P}y0=?TQSǲ&cBW=(Wrxu0d-OҭhgۿvֱcFډt钅-6ң\I̠Ϙ~
q2|-|.Ի/5ZתT3oVy;czb~>-d,jg|FcXů2QyߤUr"(rdrOwo1k3?æ	G8Q}e{2Ax&he3J*&5M"3CD6Wl2M*띫@̴/1Ky+q=gۗ#{W<.շ3_f@$Qy+rEʥ$'h-VD'پ\R{d?)XY_k֑JU24Mkr=t5G'fN*S1i̺ZE Vdg)u8sp*q{Lz)d#
Ȗ&q'Gp=җ̙I݅Oi,{h(geξPw9$ε/L,<e4A]`oB{<{>Eg4jpLRJ}~)s}oe>W\)Mؗ]%Z6IFr}iG4\gOV^Ep,FB=Y3-%jn#v6vV\M&w<&KKW{[y+%r3tW]>{to	h-3{^ÍC/a{pr{'&5T(}xy)<!<)ci/q)TM<#yVVPe޷甇y^`ˋ@r1/Ƿ4=e5WZr)uTIuM{Hk
oC[#xK65)7}Bk"<e9j*@&t(HWX+hVжF+OPEӪJ:mZ?OCKr~NURe*t@,Wu}r'6U}NEL6=ˠ%|̐t\ǰL{o&CdVS=Pq~T=#Z_OrU3b/0_ՍGT>I3rr*;9fKߪ1J1cct>:J2'8&~cf:9&I1N"a㕫њz&Aի'iM᪌1YkƘ5D8yD:&?NSUObr#1ab*kUtLT%+si^k%^k6)I̗Y I E,=,[IV%2Gxg5)0u6BJRUq1Y*UISf$]5HѬQdxN8Nu1ke6eV2jlzt*J*NG.S2YK*͜J+[Q.LǤ\:B	ucB8pq*GU%2Uf*@:sLг"GH.vvoeVnip\e	=lԫƸB9+{
)P.*GpVVW=kze۸N9Ízm";IVq#o-ErXnuKv:8%:6;KܭK6r^ClwLn>GDk=;Qj;r1k|kaR=34#=☮Q]{B;%T㲒:?eI$Yv:txJ6cb!*[c賎ۨR.9tued6/8V0ԣqW/T^=*W-3x͑ў|jyCyo:7Gd-o"d8fwcΆxOX^J|J:56RGD	;fkj%|"TVe}[hʵ^Oy#ڏ.;SrL&H̥[h}Gw5+p1KA̮ZkrUOgPn3/AYCr$kw|혦55|ǷqH6||R_Gb(?9RY_d:b4:G1;e	Ge8"zvr_?+3]&?ɽwm_Xk9ݫygX_/AΉ}S%`g$;CqFB::_D$UR	w(fϏ19CSD3AOHbK:Zv.ѯ<չ4"bӘ\iy#9'9-r$9eٲ9rx2r=󜑚r4n_LLT%rdIN/Zs%1$;]BR2HsR[NN4+T$yRG#+F{.ڿi2Rl ]WYe)SN5zrYU)S"_]!p:o]ʍq<U"KD )tsǙNMke<g2ݫdlΕ[ȕԀUzm8:j<9WXdyKf.s.r3	=Bs*}\jg~+Z&uNfR9-ɺgnpFq3huכS5,7Rүy$}nu<;朦v~8:LNݙ~9C98#:39I^4}?۝]DOKK1:G<搜tP&y9ʝ=<QwROǜq'_ù\{seG!;e	O9SGxڙک/GyF6P%{yΙҵe1d)/r^t.R^r>θjjd8g;z[=PIXސ\V+|[yۙS'yGͼ+G'w @+rG$n>~>[hvn^/"w*7&5\eS蒃vջ8uМ\_V/8prPπl3'&>WePs_:WJ|+5|/K9,sen~t<r#"U&0*MsT*[Sc~U\e0\;dNP'Ot-J4\	zs%X"&rPN41Q+=Lr%l%\9rSt%DzFRhLUNf'5we.3T&ݗLUʘG4-+#yפwE45_'DWJL>E.NRI.vbb=Iu>Mv%EԵ}\3Iq-XZo~+!0@kNVb{vE$W&tW5r+'2\Qڛ"?Ou1)o,pL2lʩ}C]Aq"pR|p}]Su2uM%7-8鮨#&w;9CqkR#
Q=5@9hw-g9W+='S9_]+4%^J=|J.r-Ib|6%K +Ir-]3|۸SwlIl*Yr7.\+:S^\t=o7ǍX}煮N+7wfUPznqԭ(vPM9]takQ6pS)k&kprkUVJu`krO&sk2J]x5KȃdXS9WHG8BT<
q׸fvt)yJ𴌥k:޳Ǩ<'x^K+X'j^qJ?5I<«Ww4^.lp˽aL-xio#,^+X9r]47!>r-	cՇhrw'kOhVnbk*Ok\O3& >]Cd!~W-t|d!~]#uE'w/9+堬d@ZLFLdP/e6Cοr֓kלteߨ[%|'^Q+r#?}qOg1/r_];U7u.8/cr-!~Ƥ?YW>ʿ~͜S;Q{& ,9N4e:UC	PYKga =ke.S&"ܱ"eQh3*MLsOt̐^fafmV.e;xuuwkWn#shJtG/TbfύX,X'YTֱ=)h|>Jw&U(i0e?' Ś2NdFNq'up;ˉ=GY`q$buGU'Gpu;BK&rrY2li2e9<ΐٜ)sYTg8˝Ȏ&##s;c\w:yr\Ԥq;3<uTs{J6\"}\*[wh=ISrR߽kW*@szjlRc\+Yr-)֓r37"
$ӸYS?[M{܁pns3n>a/O{R SZ˝9q:mnm^}HwG-!;f_enU{AvOn=e->Nnߺܓ[kxܝw{jk%O0Oe~1rjiEOJϸ'~֝TNi+9Jwd˽RĎt^tN'ew?w?W܉կmv/,5:x]^HFtwWG&{|s,unV{uM=q{wk|螨=%[rXߌA;Oܴ$;5f}?uO~1Z#huo͝nD;Q6J:ݧwp㞥} }3wv!kp'tD{V=+UnCO/~!t4_5|NcMW߸'w!;NV{òܑz(K8"gYΈ;_Uɨ~.s?e=Wh,;K8ߙ˿U'S8ip'BGdA(=:h&2L'<ON&zLRp$ɞ:L#B%RuQ	fgZvy!FV3v`gy3=|,Љ>γDٞMsd񲅹2y	reԉ^=,;H,t(IdԳT2J*u,Vx&*u$I&=SNդ{|$˝,drSd?zf,`ifzt)Ӱ]kqxR=^Տ3C',gSY$l4OpO@gtgxu^;S,bDe^srsU&Wy7^-WTBONay2Tob9ϔ1.pgr_42\ZsBnJգ)P.*ZMFYVrzi=dS(np0"G3ǭb9m=.wUj$')l.O|Ww{b5r'Hdg&qٔz<3K皇<q)<,#(x3c7*dyfi~3S'<!=<J;QR%=3;y<#l3k<3y^ng,Y͋:Lr/\^V5ʉUU٭kr#j=;x3'[)=Ng#Yzw=='g/chI'ryFOzGʻXnor>4{Wϓr!Ze,m:d2ُ_5m;薻mWy}rU_'Sg:粟Ay/=}!|1:Ǯ3,FoL;_{2&yUO]aD{/==[˨gQy|3}*ӓܞ1Jry{Vwe3#&UyB8XɉU
Fuo`70޹3!ި޵LF!;:¼|D4&ycLtg7F6B&R%;*Yto2XLoz,YFfoD xiewJ`yީ]	$(0_X$z'Pa<D^b%읤OTjy\{tǲB@TJodi=t5H#7pNҗIޕd,ޠ6؛;U=ue=4=2TFi{d6^Ypމ:W)Yl`qɹ\Yyމp^9\(ȓM\p<ohF.\*Kɗ\Ǹܻ@y*\	q<D*YR_yk16{C[Nrw[d7MzCzbIFp;(-
QnvYV>NY6dwkM%qwqɽR7ZrV2e>e^>[C^C6el&*\we ǽKt!yBw~O3;67jr7xzu&w˭Ow|5ڛ/&^x;rykoUʮ얣]=xOv7yhaw-Mϯe1u酼㝡]
=꽙F+ycZ>Ч>̇8Gŝ|4y:wweO:)7{Ӻ]YtwVxjGztYiSħkWOk_өnVGw7LsizB
=.	_DMYg9oAu>ƪ~u:s!od{ZF1=#|Y8V78j:wNs~b~52_<_SuOmeT7~7xvhO݁C4˛o4Ƽt7U'asOpBV'u 	9JGn`|VJW,!Yi'('L8LebBIY,3E6!k̚׽(YI`,e,#FgEvG3#+'XLi0K'72;k񜬉g(fnVD`3;IJS~~R_>{YۋXE2$('ReYsuNQ}+U)c%URJ&:+E'dR?kZȐu"7rjVJg<&Y"j#Yl$`d-Ry8vY{](RR=i.Z猬)7VfpLlg]ք͜Ĺܬi:'/^.PqaVd_
y2Tbt6dMޟ%2Ke2Gpr
gM8Yj
HʬqUPRgwpuҮB6e-i蚬'f%lΚ躬]\\˖qNn
owcVpf
e.7e,S$EnVbm2Y!S&sK[D㞬qE
l]&s*c/J<el!\y{jkkkښ,"""9N#bDĈ}EDV:ښ1""F}=z6y$]}\ϣb-TQ<.&D۾qԬR3gWވxF:gyN6M.^#x1SKҕ+rx%@xU:R90KC*C3.QQLuShIm1wRQ֜3Ȼ弗~>H2ć|G|J[*IK?nj=l:R{gLNęJ+5\'XwqRU=*Oz~qpA}b5F2}Nb"#b )|2Qq+ҹI7󅸓/S[y85d(RשsN3=7^:S7lHjlo=ߥ}2'>z_~HutS'Nzg1To6~-խr4MpLuwpF_b.jGǿb!ǘ+VXM5Gފ015G,W,gm8</,01DIMEA&FB61"M*1-PDT45:e&OU_MfrXaZȕpRw4W}A8jS`>kD;ZXkPδ\'[(i7yh"4aN01\E/9tbO-M1bM9IgXC1N6m1xƩb
$(fӥ9t[iQ]%$1hΑDtJOpL8Ճ1"1V3a.&MAl6mXFɐ&֑)n#4o_v"HR[D%:+.PvgHz@r.z¸T\Lst6iN&OLC\mZ4TEkLϯ5-J`uktѴArGߦGR$ڹE*&s`%v0N飔ew0u[Gl^JqW3I˃9zO?9<d9Gâ#b2&C<f3yTx\	$Pmr'M#	<e viVv`ψa׌Ys0u<4LiM^m^7˦Z^٭&W?x䦓tb_
K7Fh4E|ӴI1oN/ɴHmbh6WiLު[Ljx6PjC|d&ǔ gt:[qNW%]I)8S"{MLރ04g_o}%Cv(:t@:^1-W' }?.`3Sr>שƘiX0KSvaW&Mg\?oLڍߚ5sDw&D7Μ>P?֩*O:~V|$SE:~1Uz&_T<u]gW+GujM)`J1}_:3ĬizL#4w8c~)kyCq33\yΰq<͞x6c<C1WtgvשovcO	0y|34*eykA慮fȼXb:u!u,1/cy޾RB;C5,JYDfޤo
V	8kYm^^c9L'Uyյ怃Ŭӽ]D<oţD`/b@,'~lu!dcw_,qb<'1bQ/r9pnN!Alt*3̞:D4{9K"Ilۡ	17Yzsͱ́:R!Co>?T`&\f/ՄiftAn-X̫+0+fJ9@'MAG;0<W]T/{fogs9wls:],cv;{y4C52sީ=
%\gOy~ӫ̡C;Z|kt0#n:z(#AFH:zOo2t\NǸʭ3U6!KTcKrcwTW˼l0w+&cW|y'sy w"gxP4r3CfO0N6GR=<jw11*Mq1'Qm>̓f/UOm%C3`jVfP IRkvxD;ub
/>	%3Rof"^ѻn3UxMlhu}!FUote&]	ǤQ Ǧ
b<nbb"bb$^i)[LGcX\1	4/<6ydOD7֮3DT)8ͳ=*(i^ɄJ',mN(w%,+<;XHxOGǥywY%0gk|Vw:S5d۞D֋涷4}7Zm 1n
',gcZs7i].NJgr圬<ᜢċŜii'UErzZTW;ghVbg9$-qE,qVy!I/gTi;&]+sG$izbk-l.6Cg8I؂-mAgiAXBR-$ELfZa.w6s[b9b;s~QrTCj\ "m{~;Nr"@~BI4ߎ!kt:c>-si!nHpFpcrv
8)miktpKZXW cGں`nK6u.;ҢoȤQݛ]irwwo;uܣn^
?ͧ2]=̃	\bTi$OHGP)cUy<ͽc'"dҼ:ؕ4Og!ϤvRiP+y>_obuZjH$^Jl^e0-sƱ[մU]&V Xb;z;6hy;-wwz+hN۠zݴ)"x_a1Z#|(vHmb{DՐb(z&tH)FcqIU&/60$q@Ld&jl>ѻç;Ls1/X8,Vךkg\ovx>GN{qb?(0DESbv~Mw1b%;So 3ZC )o9CJȿǤtߎFHM:w1)6%-N#0G7ݳ)Q' 3_K	X(N$`p,#D<9,!Tlb⏰<}v+qVj4p1VD%wFMZqu8QZ>h('::[Dqr$&81hN#9U񓜦$șt9#!G2}Au$ɉl&+Ib9LGYL:һHIجa,(xmdHcv),rV+"VqDՐb)ٚUE\,#n=h.."W:˔?6\!Vre"<yZ:|m\#&pXv\9r(Hrp0nSMt 7Is@hp˭b";Rn˸]LXbC&Sz%%=ݢ9ܓ^9Ŕ)>i;NlH~Pf)WL-?CTHnE|47*Ah=O(6S1yZsxF~:5b.ϊ<'Q+NV^'xIyY+b%^'x-=k]k7([a]hm}pCyWyxOz~RE~ ViJFhTa`tS~ N1.ttŭH+ѧkmSà8>Eد)〸rt8|"On3ϕ;ci9|;uJN=_)`\oAGN1a|/3!x5+I]Wtt#JW0-[zߥ+9!g7ȏ/e-:M#Fk8fsXw+n^b nb)6<<7P%=g5̑SFG+=؂a,T07kAa+gX&B	,-ff_s.ft+"\L89m4GX-F%R׭`FX''(q+5㈖n̲At#P6aĊ1F6I'Fs2sMF9U4q6NWd.gH(37qsxͫ]vK8GNґ95yrIټJaRqrIcHW|G10gȐǦN25,iqclcbV.]\(gl1lb\rD.ͥ0ipV6Ŕqu=\ds|9\#εr"N8
nCQ)&q7ɟFn!gۤg]:bi?S̥Dkk{*[f8=jV҇O<L]<9JUqt6HÊ*\KyL,U[y|	rP$XSbq@ϳsvj5^P|%u7xQ$Syy]8lmak{Sxm4șu7)75:[ZxG14<'"g9&ZPN3Ӵəa^]E|b;rFpjct)Orӫa4:Fu}ȏ`p>;9~]t=ÛMpH6>ȈD:OE?F2>Wdc.KDqX:m1.}oVሜqh+CrFQ~%6~}LIFULdZlkc]㨜 O1q6ooif7G_,Kd1Z"f(nrp3FCF+\1
?1j]wF[	8|b4tc$XcbK@=!;1+'Y&\"̲|0VJ.FrF]!²lŬNtkXɩ#JNKox˒}Dɜ A~1#Yl%Vl$ul,%$NT܃&'p:[r-ʙϽ87${U[<ڃ9QDW޹1gQ_bROtdR-M͖!YHxwlbY°vZTfX:YMdZ̲D>[ܺJpX|T#m/HW;Zt2g\dY3b0r,~#\bN2w \$s\86]W^*2GR%-{[ɷx.b[u7u[PgZgRyz&7ZtwOu
7Y:-beMWXVtUrt8;,f9Iߔ-VQl9;,JӲz_%ZI:wi;[,a=bwTpCX&-y	<dʿja[w<jY*1]*o-<aiZIK:vYti*u
X򩱬YK*fj"lҗI:XK}-}l9WtRvkGy~chsybb#otM޶w:yGFX+xOJ޷,SB8Ƈu|$nͲJjU{CiUaYKp%۲^{%'@z]#+~KA}a[68$pr-D3,C!>lԹ=bY>lgTl3ˉ-|ne9zzE|iqa>Zc
KFvoj-;z&$w%s0w3,~DkNY{v%_-1u^z_8jR~'΍`f-c٠_v1hkX
$=5x{46eM[z'>g{8sڣd^1cyOA;ߠ#gG	%,4::j	V|64bbxw'YtB]ˌ%,7|;3uXJnv&rVa[mxtY#i)Z#3ubSz!V '>)6~c7g'5l4|kwdx:+d,;gD89sFrXc1Ǚϩrg#)9ݘcނD#P4*g)2$#y1M6sp1yBu)FjtcRdfcN4.f#HݺEN5=X'Rgd3tGi׉eW_fWL2xl1l5B\`Ċvm$H:ur#D.5Vg5C]flRyjIWs:+5z\\eĸsՑow]1k`>3]o$~.0|]`]JqޝlW-Zd$&q;ȭFx;Lp7Xz8GuZT%FP_w6VͰX?=Ʀ5Pj}Ɖ7Qf,?F'c*TyX/#ƪY*xl1cTsx'yqTm<>fFyFo5Ɯv9]yWG<uzjxQc2/^oP:/kދ{ƫr*x͘Fsucަ75ΛNrۣx[:w{gh;wxψtb}	jgiVѦ>cIW4{.ҮthWѩ8k.qn#+VңFv }ڍaK4sEoQ7d;`>hR=lF8$1'w񩱢'Q*>3bT|n*W&Ԏaëz[ژ5n*B5SOqĈwo_c}M`ĩW̤vZ)?:l$W3I~1"XZzژ?ok娱la0L133aJOtJqcoZ ܬ^퍸xXu{J%9k_RNJg]ՌuMw
󬁮&z[7=] Hu+AVvǰ/b	.;D,NhbխVY=UztqVNV:`MH<홵b=n}DYtj]ouSmN8tu:ANh$: VFC5pZ٫iV_	ֹ:O8CW/$:_YV=$Yb4(d=>UYH(|:ŤZt&=VϽYNKד	e~Q,E>rgV;9l0Lj>]حQ8>X={vxd.d+w#qXΥze\kr=Z*1\a]
JeMĝ\\\clZV\]˔D'V<n*k&K47[C"(.֙su3[a]wsuY8[")Fvq57;E(Ѫ"KO{u!oq{(kOl~=tDSxP4Q_5<$KxX{`+9Q)Q96ӮJ+4կ+'8Ɠb=Oie)83rr.pmYZVyi^lǋb;/N57W4ۺ/W&Ҡh^BuEi=y`Kh=7zb4k~DSE8[WuAZڟZ}՟~E5RqX^ٺv1kJOzpZҵ֞i%ңѫҧn;9X}^
c^~]}!cA]qa!kvezGFg5Okj3zϭv5YƗօ7WzskZ˸voX=Vwb}fB:BeRt2g:/gU~+\oe.Qq?tyDfLtå!1zu$qLWGǊ1&={_GmxfxwD%᫞'M:m[ӬXļw/'҃MtD8c:?UKf,#Te33PiVd\)L"8NvV9BFw:[%DʙdFgX'y+&h-o!F,Dl+'4Mbq9Y2)ċќ*qE6pz͘;MT	hgit$9.q$)\s^ƜΣ|93j4dvҤllkdh͆F㰊dz2FY]!bVe13H,ywrkDťbeһ\zmb2Wd,uFpe:<cZ$_BFkGٞ:@[rRQ1-ܤYU,"QnkUfb-#DUr*(Vd wHWrt0%b;3;Gz唊uܧY:#c<AS<ѣThGyXGT#Q]1Ft!<!P-?'"wKi^<GMƂ<+\®&j
TR'KUguM8+'-=«ʓkґ4.1Fq7#l4-'wĝ4gՙ{VOt6A<>?cUWmGaJ.]Lb8.;ã+YzBz'n_O/!>Ŕ_dH,XA2,FpHLcq#b!u|*0*r͘/03[*#{_gwbR6ca,G;q!	򃸍0$}3B4wJ6~NWi?YܝQ6)3"R!3ˬH͈b9V7qw"uL.<m!#/2{ˉGN5slA|0ԕD嘘'`[Ηnfw(P"H~	,-b-@"KM-P_̰\ټTNaXOq[*qec1Hqkm\u-R%=z[0B\DָZ8A~l]mHqF9U%\6iVqs9Y1x'sFk9MVk8]~%gȉ"Q8SZYlK]g9-$b]+s2$"VsPDfMcRb"iptLY	5bHa%bm䄓)%F`pE٪M\`SrUC|ʐŶW1GDRۊ*e+>mzڭ\!px6O}\vq;׉y\/(
q
*nYlHl$[möRmrf]lض';7r%bwɯnjclyq-T,-)>/2
-\*!ݑ]%xѬR*yTǔ*9<<U<a	ZN4O<5K6GyF̥FlY9jx^zmIt-/rfyWl!=vv"{yU4hv^ZgZU4ojxKN-MB޶Ͷ=%QSaZģ<| Ֆ3Ň>yM=ni-/]L؂FmEoݶŽ;qٖSDJN`bĲON0$g'qPWgX+tqHc]qOr>U|3'11/lRVtkc\o4omS8"?l{^w̄FSAG_o'Mg)_z~շwOpTي'U3c_ͬmi_6V6\ȱK* 3τ8XGʞA<3Ud	ފ7jtsᗹoeY̗Ă+5+!Hs	"1Ŋl$DT+g0˥	\"si2+5kpq*qb-(AhgXFX?MAN\6ƆĈ᜘?!6sFORMӬNc8E2NTLqfM tFsFIT(T@ΒB3rN_ɹ'֐LZL4e ]ͺ=*9X	2NUBRV:EE1!l/SrLdgpQf@fɑ%ƥvr34rt4gԲM
9a\;0Kq|r.̥\/]K7cܘyrM=ͺV"E9cܪ1b$ezFs{;CNf,wk\8=һ7sRŌr_f`CeAqgY.BlaMe}</2Sp_g.DfxR1~<%=.L}<#gF\}y鿿y#x1s^xYL݊iLQ uF63f>ޒoI#,X{b-l/s"i|((m=4+]spN/;sA?\w#@o!29t~E16\`/ez*@%b8 e3=ڝ|"6̨8g>|XoG,_dzuK7י~gSM,Jq$sn0߉!|@)~/'sYL)2_TF>o,樸?2ԏ)̌t1Ioqy n̠.c96+;
w㖵{w0<UQ{f-UR5wV+PUsBTf-Su77k*(?q?I Z;Âef$Hzp},Z7E%Y+ur.Z>PDeYsֲ<}$,D"	Ϣ=d"Db5kfmeu$%&^Nǋ}D	bVb|:9Q:b:b')(s7qң,?SĝċNNr崬93$Hr!Lb~38KL )Σ-9d1s:#Er9_(VLY阥kIIWL(E0U+ȚM:崐q5"Ml*'d.GVz.8+3,Ogdyh]4rnLrmYniP0WJ'?C85ʖǵbF۸NzܠXn?A"nRܢ0namb:.5:҉)=HIBwYs=b:f;wqb*_,˭+ܻy0ˣKgWx(kuW0<Qo#[̚ەǣYfmJlqJ2;yR(Oi(yZgDb+fJ?ѝjn0ϋyANuY]M(]K/>G+|Y:W@vZS*& Xb;boiV:M.,uY^ɼ<u'1u\w!dmUN0jti=YUa5#kt+NNQY+khn
Σ_f@3(}~!ʐAŇ2,!D0"nOFF~,oq,]]YꗿFgJlkUgI$P~D$&22&`~ʔ(n~Ǵ\~S~9*??dKĬ2Wb:E1vou=c_~>_'NstQؽ9;t
s~ݵyy ]̷{@1*C 5w;AD*3"b!v ȏbb847vwuaaK=Jj¥9S*1{JO955b.wVW9:'J^lxFb9A%lQ&퇍n!$] 98r)Nb8~u$;QY)$*[6g%$q5ws'd4q8ywؽEm{}Co:i-!]vw)y9X5FҎ:S8Yzk4vHȶћEvߞ
.v<}\"TyBUj.8.6͵ss+5:AwqbZ&_w_~<׊Gٮl\gO=^oꋢ@7Hs}S_vHn{q]C}[챪"n!S){Ni%.enE/K*MbʸO:>FzfxоVi4R⫩PdI<boQ+F6R|	j9<<eORwiY2ScY9<gkxSgRK<G=+EVm;m5<{B.=#yCShTpxK+IS-wGh_λ )^]=y|`T7j_C">{f?u1?pƁ*:{)K4 \,G:^v6oPO7`wS6h7>{a?qPk8d,c{JF}OQFa>{s݌t_rX1y|eghCՌ݆Fr5wv򽝏'n{N{vz~/Uuݣ3)_U`5ov7}{wT'j&ԩ͌_֞fV{)5~Bqrsn{psx->OլcaauUXoXfÙciWUG瘧/ic޲:w,<0K2kaû=b !,շQCc3eZGdw3ah}AV8N7h#pNq&V9N+ ±XjOk1)H։DQwx=D;g8UmGqxD!6jPwIl&ad:NN$^Zi*qpOLIr:8[qdqt%;Iq|[ r09aZ]q;e#+t$bbUMLqYq58[ݥlu[#U˅FLpt;qp6.uLҷ2z^Hgc·+\ү'Vs#?gUp/ǂ&kWuy1CL78'sIMq,R$p­6v&fsKvWw8w$s%bw[QNil^iR1wj痉y@AryHBa#iR:G'yL:*14xj'Eac⟖3ij4:ųryNVa.Gz:95(6dxYtv;8M*& XHAy)xKobM-Nf1w#iqU?4iu,wrHN-mb{HJGѮQ?:'锎%nh$+c'Wv9u:mCq#O|*V0X3Z>Sd_Ha9I|%aDbGX&ĭ8{Sä;?,0%FUcZo,ɟwqb(fKo9JO8ʿS-sF@ڄ5<<"&U|mchWL`b
?)' [6\ ]A8-'wO$Bhgf!bKDb[N_&r01b$+mp&X%RVGY+N%Jme3Չ%^;9A,dFND1b'iwrG'-I08N3iM'AN KpVXEǙ[_$9[trBx9WE4K*I,&$]ldE,Gn	r5!M'SyȒ..dt[V.2_d+~r8I\"][U+X.]M1\!gWmʯNj|qCVWT/u0η^ڲi,""bdw/uVݽ1"""x|?8yyھ(ݽ+i߷F7(:H8ƍ<u^B_lW)HǒUǹU9&'r!]MȝDq=r+VpE_Gy@NE-<(yj
+a1G)J,U?)RberjxR)9ibC<+ZyN,R</]ҥTIR/ɢZN4/"R#N-^Sb;[sbub6o%zQof6w :yW<{b"5ǽ/m}guO$VM͊pPh#h9h)Ӿ/BSjt	Z;Ftb.1^]Xtb!GZ5 X'(r}ޮDb$:_slKVeǈXƷb?߉|/jתLt&~(O]ϭ_+KU9ovrߞ~'u?XT~S/qiFQN<d	d Hzq7Q'6pfs̔3,b!ss?WzySza,Nd!׏E'Y,ǋ%}vi.[*ǛeZ"et?~cRq 9>5lfCzöz6H 6*Mrجrt[5lf3]k	dpFCK{|d!]rb9]#R3Ľc2oL͉{;9KllqQa*ˈSyc^oXtl8Âc\ =ɅgoX0E\, sxKzdqaak>hњrgVe0TdX6L-	LNŏ@uVi+)b<%RґA uFgiֵU>dHq!J_k;#4|po%zYQ`ئ40knzGn2'J7Vru0Yvݍx0Ҭ/Nr8]	
tO[B{I3> qXEb#U<$Q,#(J՝i1hJx\	2')NJ3T-<+xΰYc!}i^ǩGyѰ]}KʉZleяWDjsWa^Sf6b(ˉBxK̢^hqq/'fҨ
ޗ1&Y!q1V16C%a tWK[eGH@ÊZ9"/11CX'|*LTh|!aa-|%a+ }V;ыQezጞ!~0֞9&]#Iʸb)Nf°/_h~3dRw?~10o`.dʀ޿^E-`Zot |4g7'%wr[{'$=)@}<ֵ[pVIIcnYFKj3i˗I;{XPt(ifI3-cIҜx|<6-X&4_Or1I^zaV&-leUxI˺X4[7 1IXġiU͗Iޚ7H4[s$_g	lIrw&@)I5mձ:	Mڡ'm[u &Sk#iAp1In4PfJOsLj䌤mNZ6EtgJOG!Z欤@g>gqĈќ#&rX@yB4!%	.#^ᢤ\,֓ Vq?_^R.G\t(q8>Y
fEŧ0MX$>9%Lb֤3{,hb,1оA'm: ]LʤGpUң!d$8uFLI[Vl闍"KON)*@Xb7%j!Gf[arE#&f'Z]|ɝw%׎] Z[$O}.$?A_b(ZE<(]CbrrxX@I#Jr:)q1'IWdҒH<iX3*vg:?rxAtP%/JyI:jџt>5b&ߛZi_^$g5urySڛkOt#(3iޕ𞴓F0>iPL#1fq(eB:bmIK-8Eb5bIڃ.;ɧ8.qziz'a1~8&qb>_ʠ˧b=Ns1/W8WbF9q|s/I71cI~HZΘQ'?/gq/L$uS&ǓIi:UşI:RooqIڪ_iNJ^ёɾz㖼\}`f	x$L`Ŭ]N^dsyf)'b3BџE[:bKYXR9U,
ON6+JzrX24VeXCXz	(MZCflQ4S
*ZEhr@	%],$LN1c?N2N/KtDJpt>L1=r]%q"b7(s+6q^}O^K2 9V_&^,"EW%\*W,2Mr +'O $v,ǘ;Sjf$qaX#;Ia_ڟ4K.rjsIV~3HXNk[Ȓ_N7)"[:hRI 'yM7'+EN?qnM^6QIq8ZSN-wu$uqtMjm *3r@Z_PD?L^SCA+:+唈<*XJ8ZUҍISb#N4Q!ZyVTyi#/T%䕚_J^yZz~^QW ^éU?^ɦNN6o*?7^z;Jhky7ytռo>SJǇ(ya}P"-b&3yA0'6)ӕ<h?ʉ%'9ǢU}pXNG_b8bDF>I9`|*gn]%<lLW:'k}|? Mvkdn>٭5[Ko3)COޠ.s&%y!_t~LPw{PHDf<W;ɡL%_[N>[?:jMP='9TFC`ѭŉqFK"3-xg3gCl戓5zkg\Ӹ\|},0z%Bc3EF-ƅ/6z;,1.#e2Z',7:Xa\ON!+sXei߸N_F?ͳkKuD+k3h\z,ݍd\tqyG9@7wkŸIoݫS-'Q6j}5j\"}/=NHN@r%sDvyrvKgeоzXYFi8Kl(ӗs+?X3z1{8ͭ\h ^Eƭ`͞	5r.1hT^\f\r99$Jq*;gDC$,F`0uETNWVlr|w&0'͸7=qѭKjs؋kIqё\k\uFzg2덳[øHl*n4.[pqgw7vr 9-j\6v=!F/p]FVwc\NP^Nx@HAt4#+F<&Q*y\	12*MO9o)9<-&*zxNMTJ{t/TgXZ^yEK5i+b" oC;3nM[rm11nW' qS4Fޗ㎮|dIzEsB1CPN`:;kԱRtn9<za:51Q	Uar8);\|,'O.ScXORKT=|)8q㎞*XɈ1TOm|'˨h{ƌkqq?Fƍ,&˄qD~5z7OB4z85z#Jq^?5NiK;mh9?zW;'8ɦ91yNfSnMɻMCOL{L46kcک^kyS<Mx3_LKb)kE-VMn3Xlqh%>8KM[JY&3ci~ +Luu~b+M+X%oZ9z5b@0kz։.֋}l[a(S4]nEHiSt"Tfv10SSM"\S41zvq.&)pߴ;(,gcZ]+ZLgޞ-\9]՜k:S=X2Γb)qоQ.д\mb{K%fqiSkDXM4WciOd:C{uiaoM1	l?=NR̔ǀմX؞ݴ^a&4`&M[WB\e!jSzkLfv2ִ'LұZ45LE7esh!GfQKi[,n3˹]1|1;EwUVpX=Bq{!9 sx|Lk>(FhXaџGJYģ<fKijk(3mI2(yZ<38bϚttbϫ/JE1h^cyE̥IUkbb:>aδ_zi)X;~4-g3Ii}oy|`IC#^|dV',Fsдh Т'6V)irv'tH)eZZAvb\mϥ4GiGL۪oᨘ111M3DOA9e|*VXʐ,>79´JWOڗ&/g_i3_7z2bZ[PSqFz7-מ|b.?$jWcEaBW&1)'M	9OO9LIߢi
io9syd\}.i]dٷ- 1rFe^a91ybyy%'b4۴xKgXJH#d82r|kY.BO4/J(rXmޮngt!'k;zיW}4^l	SFe$,Y)H"s*JGjPMN#	N١\su̫ڣ.u_kT~gcV4(sp{.g˲G:hk9[#FtqXιi$VL<;K@9\(o"Gq.VA&.;TN!{ͧiƹ1H-3waO$(=I~&f~,҉HjUN6,uvhf/MRiu7/S.Õ7Wdgk"Z:ktV	dJ-\'Veޡs޼Óu9vy&C9b7+?[@r*Vs䙣;]n1|1;E+w1m=EC;Np9~ <(t <"&R"Xcb-+tebOwxt<墑0Y:MҼRS捝`UgR%^2o,Zz^
bՙCWߋWG@u.}S0Gt:3/M|uoϦ^~FߑSG3yOFd&|(m#(^mJ[8$Vi#mqDZ{#1ҫRJuUpļ~sT,瘢Wvx>};Th`H|.0Tl2r|]'F&F̛V:vQi'ߛ7wdc氮~TOb3)g/ݺ樮Q~+ͼ@})~KC~0'̨gt"ve1q[~%b=+I(u'[+enrqgExX˘)Y-TgKG2GJJ2O4iV|iXKx)rX$=b99,>x/]rˊVXBSN6+
V[#Y-= =Zqub.uG٠P,\l&`1͖BH"vrXV T_?ar9ղ[uv唱49D踥qUqD+mYJ$J3-~XNw3Yb:gHk28rZw	r9OG|ٚLtr._΅xEb9$$X"]\*'N.E=9$Jqe} '$!-nrJ0{1N iRpRqY=®jFz|IU_t՟J˦X"òDǽڲkTG%J=䵊Npx,qlM7J&w9:qXM*m-=YrFCoYÝ:DYyS`	V4{,k_(ĽȞ0e*o	uYAei-[{xXGD%b3*SųwR	Go&e%<)yJ(Wj_PaY[ǳҍ<'P)x^˩\x	^<Neuo/Qkb-bkm(oHSg;ryK:zKhyGA,]1J:޷ՉIN<|$,sPYf"'V@Ӳ/v*:,t*Ie^_ p*Dt-[pD:~b-,K<ǖΟX60hZN3'rKk,8ϗr,|%&r\kUfDߊ!|'f3*hKZN~=O2.-s󋴋	j92orr],˚#}he^Z#CK!gZ?H7'(7ǆqK?͌Lq̏Y)nBb`Z25O8Sh-`Aʢ:R<S4G,Jm,N<}R8}X̲/u)-OY
q/~)^LYo]	~:egWkRfڔ}׉.>e#RB\RjݘȦ.+)u7xbؒrF)KmM%4eI7Rܞ|ҧ:ΎCSf`O n	 "e]?h$2e3\vD,<ufʖv_D~lsFMTGFK` \¡LTq8b	b9.+2uң $I#Yl(`R_l&E#U	l1Pb.ib|BJ$#e&ͫS5_⦉>SZEN~Yb׋ Ɠj}I'GY:[Rr$r61t0wFUg;.Hp9JsCOy@H<j<$=@ZVG)£<&Q*_QTa'U!0Mͳʉ9AX/(37/;KyIZeӼጡFtj௉*'bސSBySoI7S/mmxG8:wxO,Q@<@>=HNQ}8$U.U:6 .'9tJ%-4=qlkO#WOpT~ ǔ9Āq>V|>ɠt >#JmGֽ5J|b(߈a˷b=߉NFU-~HqLhoǔt\g}"ȄI~M﷔-&*G N(giUL)_bIgZSio9)uF{'@l-ս=w=3LRb2('/)1_N,QROdPkY$ǀrY,&DGGZY&6⛺ÇRWnO'+E/VEtֈNtH֪ZJ֋ul	J١_s$`|6wX"fN.`kB儱-5k?ƩnCu-ib	:pvNQʉ9CJ٭>pt3{j%mlbr5ŹO'V8_,!NћE/ .\,Ɛ\{Rjft.Q\DavO0($DǨh,&9	,EXG8UyG4aKzLUҕd(ZՊVpMfLE˹Vs,dpt47(zl9qܨ'7im!9ҵ,Vs2CU[M9)C6Aeܩh)w@~wKp	
Z;}-?շ+t>U)Zǃ<$fP,'!SHҾ<rJy\G	9)I$O(S1
esrLy91 vRjEE#xIu
V^xEFyc52?6bưb>o5ԫ$okm#4h7'(8MP(uFW bSgu99$В:SlM֜ئ:]#+B:LӕUEXKN =WoపsD_8ǊVȠ>S/C|.bKU+i=(osRu0*'uyI~2U'rH]ϯob ]3?taO/fJ IhdZX̿'Yg鞜,_]f8ս;̲֙cb)̓3գ,K~4],[5KYl'j*;Q	,ӄ\uXUF3XPV_9FqhkN^Sl	QuF$'`krr٢t
Q"V=K<61b:a3\jCPfZNC I!?]-lNתx"U3sm]!J9:U>*8[qsYʹZEXypΗ_Hu+*.\ousuru!t\!.Uf<{3\e\q.FI:?iU+$,$Y@1-*Ǔ" bVUƦhv
Id5tՌJ Wrʟj9V1iZurΰ,qUpp9ֹ>nc1\VqtXM.:z:JwZLsXgsug ('BU)ZVqգb#<I=M<q_EXxD<@<*1a :*R&S:8i9<#N*LуTqWN,/WTɋ鼤UT+s@j0^xMj&r|yCgArTN=o~(V7ۺC3A'V(3z;F?Zgս7f*!$"*?6ݙbrtK:n
^:8}r93o|~QU嘜9Yr>0(O֓gHYrBkuF_Yj9n+k_̈u"w֕}FWVp1c(ttU*_H&3ͯseRqXuNX7?9)dJ~{[~ #cu?\˿0IG
96o
l3[q.aO<lfmƑ!f̶b`H))61_x,Y$Fmsc1џb9R|,W +lGgk_`8 Zۼl8VKmlFl Xz6>c Bl|bjBmm%]l-sfs;dT!Ovnhama/V-첹kN?F[NoΰLޞGmf3m^h^,vgfc[yBεwtkۢ<ۢηutmmwsmxmzu(ϥ{m^/iָܶLj*rm}S;0(?$Vu2r1ږ1bŴVJ%6+WͶm(^iIۢ6]k]\iԝU6O<6_}㮶[t2mupm5ٶkΒvrͫ׏l=~dlCd[Om̛pmv\G[mkz˸Ͷ<
n-Ҿ1mz+mr=-j8dӖ}϶cEb_8DĽ<(fmiW%67}yPm[o&%uyԶXc9P<n[ l4m=i;ES])*i&lfSrxos+uE<'3l-.l˜hufm3j<g?/yg{5z߷FQkӕp~ofvY/9=ռe~^oW6>-h$wu-]Q}$XGbͶ8$N"*&vⴅu.fӡU/Eb.1Bv]0GdsLzێwqOl2(-oN8dמr"nK!| 㶐F?mϏ/[{K=߉mfk?!(z:~/9mLCjg7I9C	ԯŔm_N}L+'͜li'nK3>	9̔,q s1L`8<x拵,%]BEbb=zHGf2q_UVo^
!'Yi_۞*RGX-6n$@a:1@;푬WbAgt$SJf)Hh>9l	610Ft$찇y?N91&e8]#e[9qDٗts8wGV--gs;9E}Q'|b*xeq$ȟjR9U4./h{lrH.'~F8Fi&),a/$YGt'Vq
2+Q8:}o_GOIHMHGiZi#),p}flUFDp}YeFr}b_*Z5mQi+s;o_oНcOP^1t	أK_^/Sj-<(pC<b|W%<*vR*Nrx¾{2
W#Oʟ);rxZ,1
qg/wQ)}J^c{k"{QgB}WgjyU~4\ڗi]NoHgP'͛Z[b5boz>+'zix߾쾽4^|Lo>i|P*9h]}f/]k}/靦S:.UȦ[G%{U
9,&pD߾/Z19S|l_BrԾP̾Cb6rR~_I7sܾH_XǈķvfT:scɘ}@?J}5KB~cį5&0iw6ON;	'ϾCȟv/S7}1m?U?z5I߮Nv,Ut=n-z25pv9ptx-`َq,W_1Wt2OlӱB}|lrD:V7ȱÈXbGHG,Kqlb##e'ut
1?GscvU9]1V;viwl[Xe#wuq{XXkç/AQ,fP6;Z":39E4U6{k)rNuk-bcr)6pXIX.
""[Г(\)=VLt#g9f%rK9b UĊV-/'FqXʅbb<\, Vrǥb\Q4ѱm+ĲO4bII1%b1RHb9fL98
դ;fR*l	WKWpXMj1_,c\/'Dopa,6r$WVыDyb4O>rҹS.U.ni?vQtzrt/Xb"1)zqItM<"GGz(U)(ȓbO)_rxF
xNN-9*EkyQz-,ZyE̡FU5u5bpmαMϛryK^<򭼣"D?xOQPwl&9|(2i9(C޴H*MSvX:tF:r+2zAzat0KpıQG9.VU1 cLXb	5q;Rk1>|-7b6#b.ߊ9|'3*{ʯeLG<UIq9,//rUcQG!+b'
'[2-ऴ96Ww79#g#mL-3GLdhe|e`?m&;oit$mqi.KWd
1?|V5oHk
QY\/IQgEo6g!:S=**6ba8Ugh!\)FpI	v)ޱ36v[҂Խ)]e-=Ybgc/圴:87-#XUp^+'Ez/B1x\$m]r]jc\*6WR.k\5I
䄐$@Qf(&U,`QN)b8b4V1X]!6kd.seڂJJ #m~tTN"K׋ Q&1ib&֓h)ܑItw<K'R n]c9yv6Py+q_GgrBx@HA#<$P,'E#<*r(x\	2E3xRw)dRx&-HgRMY9<*~x!TIKitҵ,mFWV,u]uo(HhyK-^~oi4Uk3ʻ4*Sb'MsP#E#hK8(6p(mC-iuҚNM,)ў6_^t&isBJ[Of\ң-r+=D_RM^9+QqL:'8ͻ+O T9|&Đr|B`X52ͷ˓q\kefȩ[~|'Ѵ=]e|@gL~?JcgN~#ͯb=)I.8I6J1XJo9L#*8i®N;t&n?3+Pt̒`9fIIᩜ8Ig^X('ErZkY,%]H[X*FlP|s$+{YnWIh1/Un$@c>Yl.'HړDbeAw%[U3Pi'/Ԕ]0SxcWw"r)]iw!8'9]'/nD)g3G ?h-kkkk"""""""sj;ӹ""""""""""""֏N5D|~{ޞΏN|/V39jҌ'qgӹ@3hՔs \,DgE\̥:e:D_.߳@WUHW}cJ3$Zk4CZ]'Էtn )nq$Iu¸YƱG`ҹ嘕d.{c&٧f^uLǪr!fv==z:~DChnU3DmC9ܮf;u\{pQ/R.Iй<M.R.ah|((lX\j3LfZybsTGyJYʽ<#xVM岉4TH_^Qt*k%*^UZהx}.55I7uVjJxK7DSY;+|i{64(|5O>R{hR'r{]4+qPgMѢGUMm:ˏvd{vrLtq\3,Kn#޳55hN=dz9ȧɣO3.>S2~Y/5cc@Vk9Q|#}VWfhNxtn5{:Y9fI9?b~|$cʾT3;'LOĞ?5cLjhǭ)	Q)sɣsM;
7>d?uԃ&f3K M:\eiagNXl<dxH&	,^S;Y>e2or]GcY%Uj]SLFkl+W:N֫$455lԹ*{p`"t7G٢>`YVӼD
MHM]ꨋAR%L^ij,|ᲈu43DLJR.&Rq^u0'ەǹʅsmDk˹@}112eb5&.?.QER\&SW2+zIP?ɕrL=HQO6-=8IrkMt4i"Ym9sRLa]hڢMjIܬssأ\I&bVSBŗtVObƢXe61dC6P~DfbE9[ֳ6Mpinw99.PN_siûӌܫՑ}S_S sx@}~
Q<ò"lQ5IK;q͗Sb
	5<ǊTU<^OkޠL},(7Rnsjy^ڨPf	/RM/|ԻxEx4p՚)5Ӝã.>L-5ok:jQ_Ȼz59'Sy_&Ҡ>#PFӺ|dr?jil>%PJl䠚Z<SiU.MѮ8e5GldIKهnǑd+GqD(rT9cYGUq5|>`>U|GO4H__*0JN&T3*c|'^2lcˏ2<=OgϨr$A~Vכh	3ɟY=>Lfu/eOF0i~eSN%*'$l~t 3{qS45Z3ӏ50Sf3KV2[2GG뙫\<:e<7B"<5fNKK'ev4jYl[\fUf>OW<ϼ蠓5e5ni߼uf~֛N`kgyk[6[ڊ4TvO6Wdjayz{.[~uʭ@퓷tbior졻Py1/'<1hݑt?uyvg)<P6ggk|y0m^;s̋ǎ2J\
3oҎ4ڼS!Q;BW*\doXYEe\b^YK9TKk:cLMZu/\a6+"ʼD_w%WuqyiIEmּRuGH=nLhӒMfZI5rad6Y4"2zb>[R̭f/lrLv}vW ^"}378C5pI <dsy^kDrd*wX&rڴ-Cɓ#Wo^}2em<`^A_V,aYF,bWG1Ie %2'dOJ2dO~쥟3R5+yL+d!/J^TZ^2{v󲌦JUCyAw|^Ԙyޑ8ޔԚgj5x<@oi:Z1m]Fͳ;yӝ[Oͳ>4oֽvy^GHݵ}le,Чڇf}c8h9I>崚מAڿ4im08!eDyց.GK.-Z9bvkǼ^{£DpLzuq̧>d߼/d_<_WZIVy>ߘdHMߙgr02e#`g?8ټŨy3_:rU&~wDe$O"&yKG*acR9͞7GG?S,_3Ii+:99mVt▶Mii]ZӖho9#W{Yiݙ楝ϜM=ϼ4#~:4>i69iY6`9iZXv`%iӛGJ}`L`;mAKe/+#Y)Vy+X-k8E'XR+Zc4^ 6P6q&(S85m>dA2Ͳ-2വB*٦j=z}Ŏ9~j6ةW.5Mk4Nv:8Ex_M7g"d!g"JRCrgZΑDVU.<Htq~ڂ\ C\(H6+p$Nq_z).Oߢ 	ݹRy0j"ZFq%)ͭkutĐ<r"1miK7-k%Ur=rL,SIKsk$]yOar_b5h ҂]bHfrY2[d1q)nWN4&T.$WrnMI1WV/Op:
4Se3:Cʭ<,s(RS#2GE/15<<LI['xRR*]<%xZ^bQϳj)~<'M</Kd^(+TK2eU2WdS-'y-muk ,jҖr$oMr+o ޖIѹG&yOej@f?e*cHR>PNe-VٴIVuTCx\t&t5sX#QpTٛcҋ^5WS9D糴m|+Dүf/d?_j>e|ƏA72ouVCʩ|'S^I+r?lFԄg5.FE5xԗO'?3-P_/i`RNcG2%W_ƶTNJmĿFLgAf7&Yrٲ9::\c7k<_::r-5x!w╾=9,Sߌr9
9OzOWY&	_j5*SS5U_9u::z9N 6h,ոTT9&5)9}wlI_59X:7m2vMC*)إ~'9M[M=͜.8C!83==t"r礯BT	Uy2h2Yąt?ҏe0d"$.)t.?ՓgY\<Dj4pzSV6q%Y}K7h Eqq&R#Y}6{1)a%']Ubr%X5M;r2z+WanQqMs䨏ZrGK[&'#Gq$_p~]rul
S(!ÚH}+hGX(Zդ󸲋9jyRS*M<sxZQ&xF󬜠\g%4Y~ CxQFP)xI&lJJ.g:CW$5jx#=͛;Ԫ-Y۲:ǻQ{RfiPnh>4J>VSIz/(Ӭ+sP3&ZwӪHzԤ?9/:lRMf5}r<Ǥ:7O}ϤulBz-+KTo
Uc0gwj|a!~Ф/?*,l~U`Lt+0.#=\wOgB>Ԕ2)[8=ڋ7=#4_I{Cugzޝz!	clezn3r0SGlf*0Ob\<d=5"Ye}Y"s,3:{zGu7+GRd%2՚td$k4YZYqXGl6T6I5iT86tP6Og#X}[&Qca&#!Ug!L3&C٭p]3ӕ{8C(T,M)k8[/wlΕ9&hWM&un)!VqZ5exC\BQ$JQW$$s΍IZ9udl=):e+7騉TZ#1I¬D^CSkN+'`QK`ؔK3/ĮC8ԇ_,~nQ?jRV6jQNMr'W6q\JѼ72e-QcUDʣPC<C݇<yD9Gk<&Ky\G+(<f
xZR>gX<r=Bӹ><&
r^d/**$r/P4UNSk.lě:+Z&euw4YȻʱk2dwѠ>ԌlQ#|$D9icԼYG,M3hNiСg^!R\:K]:ЭƇzj
)樎slzr\M.*Wӧn>SsC:P×hƏd_def	Y|/9 'QN1+.?+27Y&]z1.=C%	7\Oɤ5?jLL_9j9it.\%Jd0+73Cj
%{-'#ݙ*i&w5A̗E,PǾY,Tâ};߂:afX\c,b&QNer-4YV;MSԤ&5j+yuZX& =7Qgi/=8u.M:DQ6@un![uV	hqlʡd6;atV5EށnNW"B}8gYYʱDۭ:s$ȹ2D-#9_s"FLB V5N	4ĥ:[Lz\$h2+eW&QWk&koGת:5$(3xnY$HL7KwaLf5ҔsId{e%7aQE$MrZP_C_M=Y[t^nUJrIKrǾ~T'Wp׾u]ܭqd3jܫ\HL>=,W΢@gx@3<(c(q<>;EjxDXIdLO*SטSiiLjg)\y=x^
j|xQQog7/e5T[ٝ+jxUX@r^.өPNM9Fo9x_d%bQe}YEs@yuT1SX}<M2Od)OѬ׮AZ4IzmzghW)k&[måR:5C@9_׬MݽO?^5>USK_$[BgYR9YWT2L{5#뱚A׌G5&~>QW9ʘ7͘})GrWS?x1orV;<ſE99ɲp*'[p75LvE0]M30S3Ԥ3[3Gs'0[6jЌed,rR)Gb,,	xr[Vdr%>ҏ2U~::j5uO׬c8RumW @jl,#PT5lH6ZX|zgtM(]NCfIov*wK&{9MƲ[ONWD,LYYH˒%-s8G6>s9OVm:Zьrezu\\bYx,8Yĥy6.S'^G=\+d	2+-\eK$W+qed%f$k-3?mOeF7Z}Mz>cZ2=%*äl̖d1i!?>Y2n`,--[z0p [-2[-ZV6˪rnx&;d<wZ[ɵVseyw+gY:=ʭ+ȗM'{_S Sx@,PxHv󰌥H&QC1qi2՛'KysG)5%<-(5<#[ַMQn	hs9F.*d7/EM!^ReiJFUDi5W[FeM[/oZQjʞ8Q3ƻ	K޳xr:rx(HIFL,ٲ݋Zr6v_-۫pjƇvh/.Nů=n5IFYhef?u5o>UN)񹬧_feRYWA7ʥ|+Ml%|/+ GQXRgQF~p0&p;җ?tn&To	rh(0%sW㤌tNXuQ2;q3:LǬpg39Ɵb)pϘl`Aƙzj<Y(Yހb,fl`Y3NgygݮHVRVJ|;e-dw<9э)ev^ YF9I^*ǱI$,C"ll6Bd3e;2B;lإL4o"ΐuDď]3=K)'8;#P
HQrs"53\ .I\^.֣xqI̎t2N;Υ2H|k˕sB$\ßoݝ]u2kՄs&H֫z5ܠ/RpBnXqIjnVŤ\Y֒&}I8Ow}¢>*o&S} vVerznQ֌]'L62p7w~rewe{ϻɓܣI'*[wqr kғj|xP8@r,ir{(<"yTP,<+7r%2''sTك2vụLVٌʕyNSPE5T*GRFݣ9J^R3ej&!Cx3c[k3:omiNVNޕ@˘;3BtGР&4#iTSGjX9&.>Q,9cSW+uIZ$*+hq?(N:d:X#jҤ%!z25yTM2f
t縚>3>Gr_hX;aY|qjw=+Fyo{2\wT2<x1<OϲьB~Q.Wǘ7{1\ø	TeBWƺ/cH&rLIf8_y[8Yun.<[W)c,fua-{#k]<ᮦ1<$Ⱥ'OͻXĺR|/`
,%GcY.#X!.<JhV)jhNY6:x!ke.֙6NV: |+_E:@S˴d־+ȺJڟl~[gjݬm ;!U=l`PJuqv
|aO4-bW.vzpuϰ8GuvgZ7s5T;HZ	϶uXHu7u8ZHGeX7v##Pq5@hLb% Np5Ue2xj.u\!kHg +nA W	>K,Z뢃\gh!ٺe-uܠƟɍ%zu7Yk*Y7{'1~̲49Auyz]9zkWiQOVPl2L:úI2ue{e/Y2[d>Z8Ȗ5fqqr9;gwpuZC%ۺ<YʽV&uԏ'/@6uVPho,Hu+Ge2Ǥ?[w۪D'!Y<i]9F5BSVӺ+232guSn]59Q<o<@2JKV ^.ꉦ:XͫiQm(Yd׭Ӛ}lYÛyGM%y[6R'{yǺwG=(ޗ4p>N>4H>|Ͽ/M=|"8 i6Zd
26NuŜօsPleiS.L刎F#9*8&mkfOe)}d~e_	|0VXika >*e8?,o~T.bDF,gibTftbL&eܺ^w
~TƄ/2߲d:Sҝut:Nr z%)3Ͷt[3lK_,V.fdmvld,a&ՒY"
6y*;Yq,5xfe[˥;+d->X*酯eNٶjƶ#0X'XQs ٨@Yʩj٤"	^wNGUM ۔Q]Cju(:.5Dms`-P1霮DPCr
g*gq,'Ҷٶ`W	hޟ(ǹ<$5ʡ\`"F\(kv~b5\bۢhϥM\x-]x`J\HTղkl[O2YZ=I6&n'EmAZn0a,cՄI9'M&u&^,^dH:zmq8ԏ߶HY6#a"6l۲on-vDm1)ȕ~e;ݶYۦP8ɗgٛ6x?ڦ7Qh`0(RRc҇e,%җ'd2OJmhM+%<#cxV:)<'Sx^VQ![yAF𢬥ReIYɫRk2e527d1ojmhe{K6LN]C=[k=Р6ڋPGi|>im|Y~BVAYH&NӦDéf*pH.nQ:%#qhfpC娞OǔU.lSK4sK&B&)(_:h(gHtdXGĈ',~VbTy_d
2Goss2nC?D1a#d?UxV3?)M\InNON9A)[&&̔CR_3'B檟b]2_Ƴ@!Y(X,t:DVI,x)ar+d	>jX)XP=YfSd~5Y&Jg>K PFs*d,'HfYEZ5,$D&]ƲCNvti22p&ND{32ݴGHTYD*'rsݜ+MhYjJ@J.T"b.\"kSĥ$\y+H3_璨&p	 tsy#Ae5&5}(n{2w[Ƥ_3t^5;VEW"CMV9M$YFUGp1
d)[%znt'[9(K9}tr/wre*w
~ܭȓI#cW+r~)TCnv{82w#jbyT3+qLIfP;OI͗RS3O,ke]<#yV6S.GyNGx^٠Bg%r/l*u:^x8dB^TJ^ӹDYě2Z-rޖ
pfzzޓ>|9'|$X&Ѥ倮O̢Ef*#h) :YšLzp)7өO[qXrDѓpe.:VFr39ʁ)Y&|qo3g4E2}~VWڝ~9P4]Y|mce:wn>sj3Z!sNK?fv$ӻu2W̵r4sy?dUf	&c=svպG#s^DzVe.:\dR+R+gj='s3LofhW_ΎVN{ݿcpkef_tt֍]Zafwio9˾lN}αo=TyEEB}{C^(,vig}m8K)x=Yj]2;z>S+쳝^`}֮Ur _~Vipݧ?V}os־D;p*i%_o_J!>F܃Yg~Tʖ^6	9l?#-i~&fB1lWaI}^K;-R%Ljon nQDH?Δ%#/v?QN$ʾ-s틵:Ozml|Yj<\(H}tx=@3qNڗp}i{vJ.\aߨOr5W7hOr=L;D5\mߤk4I}4Uuv?툒>N{?ž\+ܤ<B 7۷;MѼ&ffLo'ݾJ{eXt9Z53M}+g`0þꐓv}e)Ws>^j_ [qv{Tg$w*N
ϹZK/9e%yEsǾH">g=o}fi=Td?$xؾC}#Y<jnXqE	JޟÔ1N. >S<ooBlEiR,eJ,jkuO,{`{6o,jeo3m9H~yGŻ:B=B~| m|(`>|,M4
|\C!ZiUnM9vYS>Jl%k
_na5^,䘚PzvO}Gwvӯ/d_Hd
_'_+0(FaH{͏Olߡߨ_U1d	RջO5#LzSO1A-SG(SG?eN2vhz]=74Yt̐U4kg5q53[992<)n
:׏ʓ,db5,QKTgLorc~OW |d+ed"`r+zdkǰV(dqN5v* H9қ-j	llSCtgIv<Be.;GKy0NSc%peeƙ}%kpVYL;s[9O9h5G@˅2d3ƚ\l=%).\>x2+7sKRy{(Zq!IGXudɲe37ZR43čwO7,RϣC,#1qr4X*2⣾3aZǱJ}d>wnØ\ʹئ,-҇[hfK3˹ݘ~B1;w[)k